"Game Name",Iteration,Alpha-Beta,MAST,MC-GRAVE,"Progressive History",Random,UCT,Portfolio,"UnWeighted Ensemble","Weighted Ensemble","Parallel UnWeighted Ensemble","Parallel Weighted Ensemble"
Amazons,0,0,100,0,0,0,0,0,0,100,100,100
Amazons,1,0,100,0,0,0,0,100,0,0,100,100
Amazons,2,0,100,100,0,0,100,0,0,0,0,100
Amazons,3,0,0,100,100,0,100,0,100,100,100,100
Amazons,4,0,0,100,0,0,0,0,0,100,100,100
Amazons,5,0,100,100,0,0,0,0,100,0,100,100
Amazons,6,100,0,0,100,0,100,100,100,100,0,100
Amazons,7,100,0,100,0,0,0,0,100,0,0,100
Amazons,8,0,0,100,0,0,100,100,100,100,100,100
Amazons,9,0,0,100,0,0,100,100,100,0,100,100
Amazons,10,100,0,100,100,0,0,0,100,100,100,100
Amazons,11,0,0,0,0,0,100,0,100,100,100,0
Amazons,12,0,0,100,100,0,0,100,100,100,100,100
Amazons,13,0,100,100,100,0,0,0,100,0,100,100
Amazons,14,0,0,100,100,0,0,0,0,0,0,100
Amazons,15,0,0,100,100,0,0,100,100,100,100,100
Amazons,16,0,100,100,0,0,0,100,100,0,100,100
Amazons,17,0,0,100,0,0,0,0,0,0,100,100
Amazons,18,100,0,100,0,0,0,0,100,0,100,100
Amazons,19,100,0,100,100,0,100,100,100,100,0,0
Amazons,20,0,0,0,0,0,100,100,100,0,100,100
Amazons,21,100,0,100,100,0,100,0,0,100,100,100
Amazons,22,0,100,0,0,0,100,0,100,0,100,100
Amazons,23,0,0,100,100,0,100,100,0,0,100,100
Amazons,24,0,0,0,100,0,100,100,0,0,100,100
Amazons,25,0,0,100,100,0,100,100,0,100,100,0
Amazons,26,100,100,100,100,0,0,0,100,0,0,100
Amazons,27,0,0,100,0,0,0,100,0,0,100,100
Amazons,28,0,0,100,100,0,0,0,100,100,100,100
Amazons,29,0,0,0,100,0,0,100,100,0,0,100
Amazons,30,100,0,0,100,0,100,100,0,0,100,100
Amazons,31,0,0,0,100,0,0,100,0,0,100,100
Amazons,32,0,0,100,0,0,100,100,0,100,100,0
Amazons,33,0,100,0,100,0,0,100,100,0,100,100
Amazons,34,0,0,100,100,0,0,0,0,0,100,100
Amazons,35,0,0,0,0,0,100,100,100,0,100,100
Amazons,36,0,100,100,100,0,0,100,100,100,100,100
Amazons,37,100,0,0,100,0,100,100,0,0,100,100
Amazons,38,0,0,0,100,0,100,100,100,0,100,100
Amazons,39,0,100,100,100,0,0,100,0,0,0,0
Amazons,40,0,0,0,0,0,0,0,0,0,100,100
Amazons,41,100,0,100,0,0,100,100,0,100,100,100
Amazons,42,100,0,0,100,0,100,0,0,0,100,0
Amazons,43,100,0,100,0,0,100,0,0,100,100,100
Amazons,44,100,100,100,100,0,100,100,0,100,0,100
Amazons,45,0,0,0,0,0,0,0,100,0,100,100
Amazons,46,100,0,100,0,0,100,100,100,0,100,100
Amazons,47,0,100,100,0,0,100,100,0,100,100,100
Amazons,48,0,0,100,100,0,100,100,100,100,100,100
Amazons,49,0,0,100,100,0,0,100,100,100,100,100
Aralzaa,0,50,50,50,50,0,50,50,50,50,50,50
Aralzaa,1,50,50,50,50,0,50,50,50,50,50,50
Aralzaa,2,50,50,50,50,0,50,50,50,50,50,50
Aralzaa,3,50,50,50,50,0,50,50,50,50,50,50
Aralzaa,4,50,50,50,50,0,50,50,50,50,50,50
Aralzaa,5,50,50,50,50,0,50,50,50,50,50,50
Aralzaa,6,50,50,50,50,0,50,50,50,50,50,50
Aralzaa,7,50,50,50,50,0,50,50,50,50,50,50
Aralzaa,8,50,50,50,50,0,50,50,50,50,50,50
Aralzaa,9,50,50,50,50,0,50,50,50,50,50,50
Aralzaa,10,50,50,50,50,0,50,50,50,50,50,50
Aralzaa,11,50,50,50,50,0,50,50,50,50,50,50
Aralzaa,12,50,50,50,50,0,50,50,50,50,50,50
Aralzaa,13,50,50,50,50,0,50,50,50,50,50,50
Aralzaa,14,50,50,50,50,0,50,50,50,50,50,50
Aralzaa,15,50,50,50,50,0,50,50,50,50,50,50
Aralzaa,16,50,50,50,50,0,50,50,50,50,50,50
Aralzaa,17,50,50,50,50,0,50,50,50,50,50,50
Aralzaa,18,50,50,50,50,0,50,50,50,50,50,50
Aralzaa,19,50,50,50,50,0,50,50,50,50,50,50
Aralzaa,20,50,50,50,50,0,50,50,50,50,50,50
Aralzaa,21,50,50,50,50,0,50,50,50,50,50,50
Aralzaa,22,50,50,50,50,0,50,50,50,50,50,50
Aralzaa,23,50,50,50,50,0,50,50,50,50,50,50
Aralzaa,24,50,50,50,50,0,50,50,50,50,50,50
Aralzaa,25,50,50,50,50,0,50,50,50,50,50,50
Aralzaa,26,50,50,50,50,0,50,50,50,50,50,50
Aralzaa,27,50,50,50,50,0,50,50,50,50,50,50
Aralzaa,28,50,50,50,50,0,50,50,50,50,50,50
Aralzaa,29,50,50,50,50,0,50,50,50,50,50,50
Aralzaa,30,50,50,50,50,0,50,50,50,50,50,50
Aralzaa,31,50,50,50,50,0,50,50,50,50,50,50
Aralzaa,32,50,50,50,50,0,50,50,50,50,50,50
Aralzaa,33,50,50,50,50,0,50,50,50,50,50,50
Aralzaa,34,50,50,50,50,0,50,50,50,50,50,50
Aralzaa,35,50,50,50,50,0,50,50,50,50,50,50
Aralzaa,36,50,50,50,50,0,50,50,50,50,50,50
Aralzaa,37,50,50,50,50,0,50,50,50,50,50,50
Aralzaa,38,50,50,50,50,0,50,50,50,50,50,50
Aralzaa,39,50,50,50,50,0,50,50,50,50,50,50
Aralzaa,40,50,50,50,50,0,50,50,50,50,50,50
Aralzaa,41,50,50,50,50,0,50,50,50,50,50,50
Aralzaa,42,50,50,50,50,0,50,50,50,50,50,50
Aralzaa,43,50,50,50,50,0,50,50,50,50,50,50
Aralzaa,44,50,50,50,50,0,50,50,50,50,50,50
Aralzaa,45,50,50,50,50,0,50,50,50,50,50,50
Aralzaa,46,50,50,50,50,0,50,50,50,50,50,50
Aralzaa,47,50,50,50,50,0,50,50,50,50,50,50
Aralzaa,48,50,50,50,50,0,50,50,50,50,50,50
Aralzaa,49,50,50,50,50,0,50,50,50,50,50,50
Banqi,0,0,0,0,100,0,100,50,0,100,0,0
Banqi,1,0,100,100,0,0,0,50,0,0,0,100
Banqi,2,0,0,0,0,0,100,0,0,0,100,100
Banqi,3,0,0,0,0,0,0,100,100,0,100,100
Banqi,4,0,0,100,100,0,100,50,0,0,100,100
Banqi,5,0,0,100,0,0,100,100,0,0,100,0
Banqi,6,0,0,100,100,0,100,100,0,0,0,0
Banqi,7,0,0,0,0,0,100,100,0,0,0,100
Banqi,8,0,0,0,0,0,0,0,0,0,0,100
Banqi,9,0,0,100,100,0,100,0,0,0,100,100
Banqi,10,0,0,0,0,0,0,0,0,100,50,100
Banqi,11,0,0,100,100,0,100,0,0,0,0,0
Banqi,12,0,0,50,100,0,100,100,100,0,100,100
Banqi,13,0,0,100,100,0,0,0,0,0,0,100
Banqi,14,0,0,0,100,0,100,100,0,0,0,0
Banqi,15,0,0,100,100,0,100,100,0,0,100,100
Banqi,16,0,0,100,100,0,100,50,0,0,0,100
Banqi,17,0,0,0,100,0,0,0,0,100,0,100
Banqi,18,0,0,100,100,0,100,100,0,0,0,0
Banqi,19,0,0,100,100,0,100,100,0,0,0,100
Banqi,20,0,0,100,0,0,100,0,0,0,100,0
Banqi,21,0,0,100,100,0,0,100,100,0,100,100
Banqi,22,0,0,0,0,0,0,0,0,100,100,100
Banqi,23,0,0,100,0,0,100,0,0,100,100,100
Banqi,24,0,0,100,0,0,0,0,0,0,0,100
Banqi,25,0,0,100,100,0,100,100,0,100,0,100
Banqi,26,0,0,0,0,0,0,0,0,0,100,100
Banqi,27,0,0,100,0,0,0,0,0,0,0,100
Banqi,28,0,100,100,100,0,100,0,0,0,100,100
Banqi,29,0,0,0,0,0,0,0,0,100,100,100
Banqi,30,0,100,0,100,50,0,100,0,100,0,100
Banqi,31,0,0,0,100,0,0,50,0,0,0,0
Banqi,32,0,100,100,0,0,0,50,0,50,0,100
Banqi,33,0,0,100,0,0,100,50,0,0,0,100
Banqi,34,0,0,0,100,0,0,0,0,0,100,100
Banqi,35,0,100,100,100,0,100,100,100,0,50,0
Banqi,36,0,0,0,0,0,100,100,0,100,100,0
Banqi,37,0,0,100,0,0,100,0,0,0,0,100
Banqi,38,0,100,0,0,0,0,100,0,0,0,100
Banqi,39,0,0,50,100,0,100,0,0,0,100,0
Banqi,40,0,0,0,100,0,100,50,0,0,0,100
Banqi,41,0,100,50,100,0,0,100,100,0,0,100
Banqi,42,0,0,0,0,0,0,100,0,0,0,100
Banqi,43,0,0,100,100,0,100,0,100,100,0,100
Banqi,44,0,0,100,0,0,0,0,0,0,50,0
Banqi,45,0,0,0,0,0,0,100,0,100,100,100
Banqi,46,0,0,0,0,0,100,100,0,100,100,100
Banqi,47,0,100,100,0,0,0,0,0,0,100,0
Banqi,48,0,0,100,0,0,100,0,0,0,100,100
Banqi,49,0,0,50,0,0,100,100,0,50,100,100
Chameleon,0,0,100,100,100,0,100,100,0,100,100,100
Chameleon,1,0,0,100,100,0,0,100,0,100,100,100
Chameleon,2,100,100,100,100,0,100,100,0,100,0,100
Chameleon,3,0,100,100,100,0,0,100,0,100,100,100
Chameleon,4,0,100,100,100,0,100,100,100,100,100,100
Chameleon,5,0,100,100,100,0,100,100,0,100,100,100
Chameleon,6,0,0,100,100,0,100,100,0,100,100,100
Chameleon,7,0,0,100,100,0,0,100,0,100,100,100
Chameleon,8,0,100,100,100,0,100,100,100,100,100,100
Chameleon,9,0,100,100,100,0,0,100,0,100,100,100
Chameleon,10,0,100,100,100,0,100,100,100,100,100,100
Chameleon,11,0,100,100,100,0,0,100,100,100,100,100
Chameleon,12,0,100,100,100,0,0,100,0,0,100,100
Chameleon,13,0,0,100,100,0,0,100,100,100,100,100
Chameleon,14,0,0,100,100,0,100,100,0,100,100,100
Chameleon,15,0,0,100,100,0,0,100,0,100,100,100
Chameleon,16,0,100,100,100,0,100,100,100,100,100,100
Chameleon,17,0,100,100,100,0,100,100,100,100,100,100
Chameleon,18,0,100,100,100,0,100,100,0,100,100,100
Chameleon,19,0,0,100,100,0,100,100,100,100,100,100
Chameleon,20,0,100,100,100,0,100,100,0,100,100,100
Chameleon,21,0,0,100,100,0,0,100,0,100,100,100
Chameleon,22,0,100,100,100,0,100,100,100,100,100,100
Chameleon,23,0,100,100,100,0,100,100,100,100,100,100
Chameleon,24,0,0,100,100,0,0,100,0,100,100,100
Chameleon,25,0,100,100,100,0,100,100,0,100,100,100
Chameleon,26,0,0,100,100,0,100,100,0,0,100,100
Chameleon,27,0,100,100,100,0,100,100,0,100,100,100
Chameleon,28,0,100,100,100,0,0,100,0,100,100,100
Chameleon,29,0,0,100,100,0,0,100,0,100,100,100
Chameleon,30,0,0,100,100,0,100,100,0,0,100,100
Chameleon,31,0,0,100,100,0,100,100,100,100,100,100
Chameleon,32,0,100,100,100,0,0,100,0,100,100,100
Chameleon,33,0,100,100,100,0,100,100,0,100,100,100
Chameleon,34,0,100,100,100,0,100,100,100,100,100,100
Chameleon,35,0,100,100,100,0,0,100,100,100,100,100
Chameleon,36,0,100,100,100,0,100,100,100,100,100,100
Chameleon,37,0,100,100,100,0,0,100,100,100,100,100
Chameleon,38,100,100,100,100,0,0,100,100,100,100,100
Chameleon,39,0,0,100,100,0,100,100,0,0,100,100
Chameleon,40,0,100,100,100,0,100,100,0,100,100,100
Chameleon,41,0,0,100,100,0,0,100,0,100,100,100
Chameleon,42,0,0,100,100,0,0,100,0,100,100,100
Chameleon,43,0,100,100,100,0,100,100,100,100,100,100
Chameleon,44,0,100,100,100,0,0,100,0,100,100,100
Chameleon,45,0,100,100,100,0,0,100,100,100,100,100
Chameleon,46,0,0,100,100,0,100,100,100,0,100,100
Chameleon,47,0,100,100,100,0,0,100,0,100,100,100
Chameleon,48,0,100,100,100,0,100,100,100,0,100,100
Chameleon,49,0,100,100,100,0,100,100,100,0,100,100
Chomp,0,100,100,0,0,0,0,100,100,100,100,100
Chomp,1,100,0,0,0,0,0,100,100,100,100,100
Chomp,2,100,100,0,0,0,0,100,100,100,100,100
Chomp,3,100,100,0,100,0,0,100,100,100,100,100
Chomp,4,0,0,0,0,0,0,100,100,100,100,100
Chomp,5,100,0,0,0,0,0,100,100,100,100,100
Chomp,6,100,100,0,0,0,100,100,100,100,100,100
Chomp,7,100,100,0,0,0,0,100,100,100,100,100
Chomp,8,100,100,0,0,0,0,100,100,100,100,100
Chomp,9,100,100,0,0,0,100,100,100,100,100,100
Chomp,10,100,100,0,0,0,0,100,100,100,100,100
Chomp,11,100,0,0,0,0,0,100,100,100,100,100
Chomp,12,100,100,0,0,0,0,100,100,100,100,100
Chomp,13,100,0,0,0,0,100,100,100,100,100,100
Chomp,14,100,100,0,0,0,0,100,100,100,100,100
Chomp,15,100,100,0,0,0,0,100,100,100,100,100
Chomp,16,100,100,0,0,0,0,0,100,100,0,100
Chomp,17,100,100,0,0,0,100,100,100,100,0,100
Chomp,18,100,100,0,0,0,0,0,100,100,100,100
Chomp,19,100,100,0,100,0,0,100,100,100,100,100
Chomp,20,100,0,0,0,0,100,100,100,100,100,100
Chomp,21,100,0,0,100,0,0,0,100,100,100,100
Chomp,22,100,100,0,0,0,100,100,100,100,100,100
Chomp,23,100,100,0,0,0,0,0,100,100,100,100
Chomp,24,0,0,0,0,0,100,100,100,100,100,100
Chomp,25,0,100,0,0,0,100,0,100,0,100,100
Chomp,26,100,100,0,100,0,0,100,100,100,100,100
Chomp,27,100,100,0,0,0,0,100,100,100,100,100
Chomp,28,100,100,0,0,0,0,100,100,100,100,100
Chomp,29,100,100,0,0,0,0,100,0,100,100,100
Chomp,30,100,100,0,0,0,0,100,100,100,100,100
Chomp,31,100,100,0,0,0,0,100,100,100,100,0
Chomp,32,100,100,0,0,0,0,0,100,100,100,100
Chomp,33,100,100,0,100,0,0,100,100,100,100,100
Chomp,34,100,0,0,0,0,0,100,100,100,100,100
Chomp,35,100,100,0,0,0,0,100,100,100,100,100
Chomp,36,100,100,0,0,0,0,100,100,100,100,100
Chomp,37,100,100,0,0,0,0,100,100,100,100,100
Chomp,38,100,0,0,0,0,0,100,100,100,100,100
Chomp,39,100,100,0,100,0,0,100,100,100,100,100
Chomp,40,100,0,0,0,0,0,100,100,100,100,100
Chomp,41,100,100,0,0,0,100,100,100,100,100,100
Chomp,42,100,100,0,0,0,0,100,100,100,100,100
Chomp,43,100,0,0,0,0,0,100,100,100,100,100
Chomp,44,100,100,0,100,0,0,100,100,100,100,100
Chomp,45,100,100,0,0,0,0,100,100,100,100,100
Chomp,46,100,100,0,0,0,0,100,100,100,100,100
Chomp,47,100,100,0,100,0,0,100,100,100,100,100
Chomp,48,100,100,0,100,0,100,100,100,100,100,100
Chomp,49,100,0,0,0,0,0,0,100,100,100,100
Chuka,0,0,100,100,0,0,100,100,100,100,100,100
Chuka,1,0,100,100,0,0,100,100,100,100,100,100
Chuka,2,0,100,100,0,0,100,100,100,100,100,100
Chuka,3,0,100,100,0,0,100,100,100,100,100,100
Chuka,4,0,100,100,0,0,100,100,100,100,100,100
Chuka,5,0,100,100,0,0,100,100,100,100,100,100
Chuka,6,0,100,100,0,0,100,100,100,100,100,100
Chuka,7,0,100,100,0,0,100,100,100,100,100,100
Chuka,8,0,100,100,0,0,100,100,100,100,100,100
Chuka,9,0,100,100,0,0,100,100,100,100,100,100
Chuka,10,0,100,100,0,0,100,100,100,100,100,100
Chuka,11,0,100,100,0,0,100,100,100,100,100,100
Chuka,12,0,100,100,0,0,100,100,100,100,100,100
Chuka,13,0,100,100,0,0,100,100,100,100,100,100
Chuka,14,0,100,100,0,0,100,100,100,100,100,100
Chuka,15,0,100,100,0,0,100,100,100,100,100,100
Chuka,16,0,100,100,0,0,100,100,100,100,100,100
Chuka,17,0,100,100,0,0,100,100,100,100,100,100
Chuka,18,0,100,100,0,0,100,100,100,100,100,100
Chuka,19,0,100,100,0,0,100,100,100,100,100,100
Chuka,20,0,100,100,0,0,100,100,100,100,100,100
Chuka,21,0,100,100,0,0,100,100,100,100,100,100
Chuka,22,0,100,100,0,0,100,100,100,100,100,100
Chuka,23,0,100,100,0,0,100,100,100,100,100,100
Chuka,24,0,100,100,0,0,100,100,100,100,100,100
Chuka,25,0,100,100,0,0,100,100,100,100,100,100
Chuka,26,0,100,100,0,0,100,100,100,100,100,100
Chuka,27,0,100,100,0,0,100,100,100,100,100,100
Chuka,28,0,100,100,0,0,100,100,100,100,100,100
Chuka,29,0,100,100,0,0,100,100,100,100,100,100
Chuka,30,0,100,100,0,0,100,100,100,100,100,100
Chuka,31,0,100,100,0,0,100,100,100,100,100,100
Chuka,32,0,100,100,0,0,100,100,100,100,100,100
Chuka,33,0,100,100,0,0,100,100,100,100,100,100
Chuka,34,0,100,100,0,0,100,100,100,100,100,100
Chuka,35,0,100,100,0,0,100,100,100,100,100,100
Chuka,36,0,100,100,0,0,100,100,100,100,100,100
Chuka,37,0,100,100,0,0,100,100,100,100,100,100
Chuka,38,0,100,100,0,0,100,100,100,100,100,100
Chuka,39,0,100,100,0,0,100,100,100,100,100,100
Chuka,40,0,100,100,0,0,100,100,100,100,100,100
Chuka,41,0,100,100,0,0,100,100,100,100,100,100
Chuka,42,0,100,100,0,0,100,100,100,100,100,100
Chuka,43,0,100,100,0,0,100,100,100,100,100,100
Chuka,44,0,100,100,0,0,100,100,100,100,100,100
Chuka,45,0,100,100,0,0,100,100,100,100,100,100
Chuka,46,0,100,100,0,0,100,100,100,100,100,100
Chuka,47,0,100,100,0,0,100,100,100,100,100,100
Chuka,48,0,100,100,0,0,100,100,100,100,100,100
Chuka,49,0,100,100,0,0,100,100,100,100,100,100
DisPath,0,50,100,100,50,0,100,50,100,100,50,50
DisPath,1,50,100,50,50,0,50,50,50,100,50,100
DisPath,2,50,50,100,50,0,0,50,50,100,50,100
DisPath,3,50,50,100,50,0,0,100,50,100,100,50
DisPath,4,100,50,50,50,0,50,50,50,50,50,50
DisPath,5,50,100,100,50,0,50,50,100,50,50,50
DisPath,6,50,100,50,100,0,50,50,50,50,50,100
DisPath,7,50,50,50,0,0,50,50,0,50,100,100
DisPath,8,50,100,100,50,0,50,50,0,50,0,50
DisPath,9,100,0,50,50,0,50,100,100,50,100,50
DisPath,10,50,100,100,100,0,50,100,50,50,100,50
DisPath,11,50,50,50,100,0,50,100,50,50,100,50
DisPath,12,50,50,50,50,0,50,50,100,100,50,100
DisPath,13,50,100,50,50,0,50,50,50,50,50,50
DisPath,14,0,100,100,50,0,50,100,50,50,100,100
DisPath,15,50,100,100,50,0,50,100,50,50,50,100
DisPath,16,50,50,100,100,0,50,100,0,100,100,50
DisPath,17,100,50,100,50,0,50,100,50,50,50,50
DisPath,18,50,100,100,50,0,50,100,100,50,50,50
DisPath,19,50,50,100,100,0,50,50,50,50,50,50
DisPath,20,50,50,50,50,0,50,50,50,50,100,50
DisPath,21,50,100,50,50,0,50,50,100,50,100,50
DisPath,22,50,50,100,50,0,50,50,50,50,50,100
DisPath,23,50,50,50,50,0,50,50,50,100,50,50
DisPath,24,50,50,100,0,0,50,100,50,50,100,50
DisPath,25,50,50,100,50,0,50,100,0,100,50,100
DisPath,26,50,50,100,100,0,50,50,50,50,50,100
DisPath,27,50,50,50,50,0,100,100,50,50,50,50
DisPath,28,50,50,100,50,0,50,100,50,50,50,50
DisPath,29,0,50,50,50,0,100,50,50,50,100,100
DisPath,30,50,50,100,50,0,50,50,100,50,50,100
DisPath,31,0,50,50,100,0,50,100,50,50,50,50
DisPath,32,50,50,100,50,0,50,100,50,50,100,100
DisPath,33,50,50,100,50,0,50,100,50,50,100,50
DisPath,34,50,50,50,50,0,50,50,50,50,50,100
DisPath,35,100,100,50,50,0,50,50,50,50,50,100
DisPath,36,0,50,50,50,0,50,100,100,50,50,0
DisPath,37,50,50,100,50,0,50,100,50,100,50,50
DisPath,38,50,50,100,50,0,50,100,50,100,50,50
DisPath,39,100,50,50,50,0,50,100,0,50,100,50
DisPath,40,50,50,100,100,0,50,100,50,50,50,50
DisPath,41,50,0,50,0,0,50,100,0,100,50,100
DisPath,42,50,50,100,50,0,50,100,50,50,100,50
DisPath,43,50,50,50,0,0,100,100,100,50,100,100
DisPath,44,0,50,100,50,0,50,100,50,0,50,50
DisPath,45,50,50,100,50,0,50,50,50,50,100,100
DisPath,46,50,50,100,100,0,50,50,0,50,50,100
DisPath,47,50,50,50,50,0,50,50,0,100,100,100
DisPath,48,50,50,100,50,0,50,50,0,50,100,50
DisPath,49,50,50,50,50,0,50,50,100,100,50,50
Gauntlet,0,0,0,0,100,0,0,0,0,0,0,0
Gauntlet,1,100,0,0,0,0,0,0,0,0,0,0
Gauntlet,2,0,0,0,0,0,100,0,0,0,0,100
Gauntlet,3,0,0,0,100,0,0,0,0,0,0,0
Gauntlet,4,0,100,0,0,0,0,0,0,0,0,100
Gauntlet,5,0,0,0,0,0,0,0,0,0,0,0
Gauntlet,6,0,0,0,0,0,100,0,0,0,0,0
Gauntlet,7,0,0,0,0,0,100,0,0,0,0,100
Gauntlet,8,0,0,0,100,0,0,0,0,0,0,0
Gauntlet,9,0,0,0,100,0,0,0,0,0,0,0
Gauntlet,10,0,0,0,0,0,100,0,0,0,0,0
Gauntlet,11,0,0,0,100,0,0,0,0,0,0,0
Gauntlet,12,0,0,0,0,0,0,0,0,0,0,0
Gauntlet,13,0,100,0,0,0,0,0,0,0,0,0
Gauntlet,14,0,0,0,100,0,0,0,0,0,0,0
Gauntlet,15,0,0,0,100,0,0,0,0,0,0,0
Gauntlet,16,0,0,0,0,0,0,0,0,0,0,100
Gauntlet,17,0,0,0,0,0,0,0,0,0,0,100
Gauntlet,18,0,0,0,0,0,0,0,0,100,0,0
Gauntlet,19,0,0,0,0,0,0,0,0,0,100,0
Gauntlet,20,0,0,0,100,0,0,0,0,0,0,0
Gauntlet,21,0,0,0,0,0,0,0,0,0,100,100
Gauntlet,22,0,100,0,0,0,0,0,0,0,0,0
Gauntlet,23,0,0,0,100,0,0,0,0,0,0,100
Gauntlet,24,0,0,0,0,0,0,0,0,0,0,0
Gauntlet,25,0,0,0,100,0,0,0,0,0,0,0
Gauntlet,26,0,0,0,0,0,100,0,0,0,0,0
Gauntlet,27,0,0,0,0,0,0,0,0,0,100,100
Gauntlet,28,0,0,0,0,0,100,0,0,0,0,100
Gauntlet,29,0,0,0,100,0,100,0,0,0,0,100
Gauntlet,30,0,100,0,0,0,0,0,0,0,0,0
Gauntlet,31,0,0,0,100,0,0,0,0,0,0,0
Gauntlet,32,0,100,0,0,0,0,0,0,0,0,0
Gauntlet,33,0,0,0,0,0,100,0,0,0,0,0
Gauntlet,34,0,0,0,0,0,0,0,0,0,0,0
Gauntlet,35,0,0,0,100,0,100,0,0,0,100,0
Gauntlet,36,0,100,0,0,0,0,0,0,0,0,100
Gauntlet,37,0,0,0,0,0,100,0,0,0,0,0
Gauntlet,38,0,0,0,0,0,100,0,0,0,0,100
Gauntlet,39,0,0,0,0,0,0,0,0,0,0,0
Gauntlet,40,0,0,0,0,0,0,0,0,0,0,0
Gauntlet,41,0,0,0,100,0,0,0,0,0,0,100
Gauntlet,42,0,0,0,0,0,0,0,0,0,100,0
Gauntlet,43,0,0,0,0,0,0,0,0,0,0,0
Gauntlet,44,0,0,0,0,0,0,0,0,0,0,0
Gauntlet,45,0,0,0,0,0,0,0,0,0,0,0
Gauntlet,46,0,0,0,0,0,100,0,0,0,0,100
Gauntlet,47,0,0,0,0,0,100,0,0,0,0,0
Gauntlet,48,0,100,0,0,0,100,0,0,0,0,0
Gauntlet,49,0,100,0,100,0,100,0,0,0,0,0
"Hops-a-Daisy Generalized",0,0,100,0,100,0,0,100,100,0,100,100
"Hops-a-Daisy Generalized",1,100,100,100,100,0,100,100,100,100,100,100
"Hops-a-Daisy Generalized",2,100,100,100,100,0,0,100,100,100,100,100
"Hops-a-Daisy Generalized",3,100,100,0,100,0,0,100,100,100,100,100
"Hops-a-Daisy Generalized",4,100,100,100,100,0,0,100,100,0,100,100
"Hops-a-Daisy Generalized",5,100,100,0,100,0,100,0,100,100,100,100
"Hops-a-Daisy Generalized",6,0,100,100,100,0,100,100,0,0,100,100
"Hops-a-Daisy Generalized",7,100,100,100,0,0,100,100,0,100,100,100
"Hops-a-Daisy Generalized",8,0,100,0,0,0,100,100,100,0,100,100
"Hops-a-Daisy Generalized",9,100,100,0,100,0,100,100,100,100,100,100
"Hops-a-Daisy Generalized",10,100,0,100,0,0,0,100,100,0,100,100
"Hops-a-Daisy Generalized",11,100,100,0,100,0,100,100,100,100,100,100
"Hops-a-Daisy Generalized",12,100,100,0,100,0,100,100,100,100,100,100
"Hops-a-Daisy Generalized",13,100,0,100,100,0,0,100,100,100,100,100
"Hops-a-Daisy Generalized",14,100,100,0,100,0,0,100,100,100,100,100
"Hops-a-Daisy Generalized",15,100,0,0,100,0,100,100,100,100,100,100
"Hops-a-Daisy Generalized",16,0,100,0,100,0,0,100,100,100,100,100
"Hops-a-Daisy Generalized",17,100,0,100,100,0,100,100,100,100,100,100
"Hops-a-Daisy Generalized",18,100,100,100,0,0,0,100,0,0,100,100
"Hops-a-Daisy Generalized",19,100,100,100,100,0,100,100,100,100,100,100
"Hops-a-Daisy Generalized",20,100,100,100,100,0,0,100,100,100,100,100
"Hops-a-Daisy Generalized",21,100,100,0,100,0,100,100,0,100,100,100
"Hops-a-Daisy Generalized",22,100,100,100,0,0,100,100,100,0,100,100
"Hops-a-Daisy Generalized",23,100,0,0,100,0,0,100,100,100,100,100
"Hops-a-Daisy Generalized",24,100,0,0,100,0,100,100,100,100,100,100
"Hops-a-Daisy Generalized",25,100,100,0,100,0,0,100,100,100,100,0
"Hops-a-Daisy Generalized",26,100,100,100,0,0,100,100,100,0,100,100
"Hops-a-Daisy Generalized",27,100,100,100,100,0,100,100,100,0,100,100
"Hops-a-Daisy Generalized",28,100,100,0,100,0,100,100,100,100,100,100
"Hops-a-Daisy Generalized",29,100,100,100,100,0,100,100,100,100,100,100
"Hops-a-Daisy Generalized",30,100,100,100,100,0,0,100,100,100,100,100
"Hops-a-Daisy Generalized",31,100,100,100,100,0,0,100,100,100,100,100
"Hops-a-Daisy Generalized",32,100,100,100,100,0,0,100,0,100,100,100
"Hops-a-Daisy Generalized",33,100,100,0,100,0,100,100,0,100,100,100
"Hops-a-Daisy Generalized",34,100,100,0,100,0,100,100,0,100,100,100
"Hops-a-Daisy Generalized",35,0,100,0,100,0,100,100,100,0,100,100
"Hops-a-Daisy Generalized",36,100,100,100,100,0,100,0,100,100,100,100
"Hops-a-Daisy Generalized",37,100,100,0,0,0,0,100,0,100,0,100
"Hops-a-Daisy Generalized",38,100,100,0,100,0,100,100,100,100,100,100
"Hops-a-Daisy Generalized",39,100,100,100,0,0,0,100,100,100,100,100
"Hops-a-Daisy Generalized",40,100,0,100,100,0,100,100,100,100,100,100
"Hops-a-Daisy Generalized",41,100,100,0,0,0,100,100,100,100,100,100
"Hops-a-Daisy Generalized",42,100,0,100,100,0,100,100,100,100,100,100
"Hops-a-Daisy Generalized",43,100,0,0,100,0,100,100,100,100,100,100
"Hops-a-Daisy Generalized",44,100,100,100,100,0,0,100,100,100,0,100
"Hops-a-Daisy Generalized",45,100,100,0,100,0,0,100,100,100,100,100
"Hops-a-Daisy Generalized",46,0,0,100,100,0,100,100,100,100,0,100
"Hops-a-Daisy Generalized",47,100,0,0,100,0,100,100,100,100,100,100
"Hops-a-Daisy Generalized",48,100,0,0,0,0,100,100,0,0,100,100
"Hops-a-Daisy Generalized",49,100,0,0,100,0,0,100,100,0,100,100
Janggi,0,100,100,0,0,50,0,100,100,100,100,100
Janggi,1,100,100,100,0,0,0,100,100,100,100,100
Janggi,2,100,0,100,0,50,50,100,100,100,100,100
Janggi,3,100,0,0,100,50,100,100,100,100,100,100
Janggi,4,100,100,0,100,50,0,100,100,100,100,100
Janggi,5,100,100,50,100,0,100,100,100,100,100,100
Janggi,6,100,100,100,50,50,100,100,100,100,100,100
Janggi,7,100,100,100,100,0,100,100,100,100,100,100
Janggi,8,100,0,100,0,50,100,100,100,100,100,100
Janggi,9,100,100,100,100,0,0,100,100,100,100,100
Janggi,10,100,0,0,100,0,0,100,100,100,100,100
Janggi,11,100,100,100,100,50,0,100,100,100,100,100
Janggi,12,100,100,0,100,0,100,50,100,100,100,100
Janggi,13,100,100,50,100,0,50,100,100,100,100,100
Janggi,14,100,50,50,100,0,0,100,100,100,100,100
Janggi,15,100,100,50,100,0,100,100,100,100,100,100
Janggi,16,100,100,0,0,0,50,100,100,50,100,100
Janggi,17,100,100,50,0,0,100,100,100,100,100,100
Janggi,18,100,0,0,100,0,100,100,100,100,100,100
Janggi,19,100,100,50,50,0,50,100,100,100,100,100
Janggi,20,100,100,50,100,50,0,100,100,100,100,100
Janggi,21,100,0,100,0,0,0,100,100,100,100,100
Janggi,22,100,100,100,100,0,100,100,100,100,100,100
Janggi,23,100,0,100,100,50,100,100,100,100,100,100
Janggi,24,100,0,100,100,50,100,100,100,100,100,100
Janggi,25,100,100,0,0,50,100,100,100,100,100,100
Janggi,26,100,100,50,100,50,100,100,100,100,100,100
Janggi,27,100,0,100,100,0,50,100,100,50,100,100
Janggi,28,100,100,100,100,50,0,100,100,100,100,100
Janggi,29,100,100,100,100,0,0,100,100,100,100,100
Janggi,30,100,0,0,100,0,100,100,100,100,100,100
Janggi,31,100,0,0,100,0,0,100,100,100,100,100
Janggi,32,100,100,100,100,0,0,100,100,100,100,50
Janggi,33,100,100,0,100,0,100,100,100,100,100,100
Janggi,34,50,0,100,100,0,0,100,100,100,100,100
Janggi,35,100,100,100,0,0,100,100,100,100,100,100
Janggi,36,100,0,100,100,0,100,100,100,100,100,100
Janggi,37,100,100,100,100,0,0,100,100,100,100,100
Janggi,38,100,100,0,100,0,100,100,100,100,100,100
Janggi,39,100,100,0,0,0,0,100,100,100,100,100
Janggi,40,100,100,0,0,0,0,100,100,100,100,100
Janggi,41,100,50,50,50,50,50,100,100,100,100,100
Janggi,42,100,100,0,50,0,100,100,100,100,100,100
Janggi,43,100,0,0,100,100,0,100,100,100,100,100
Janggi,44,100,100,100,100,0,0,100,100,100,100,100
Janggi,45,100,100,100,0,0,0,100,0,100,100,100
Janggi,46,100,0,100,100,0,100,100,100,100,100,100
Janggi,47,100,50,100,100,0,100,100,100,100,100,100
Janggi,48,100,0,100,100,0,100,100,100,100,100,100
Janggi,49,100,100,100,50,0,100,100,100,100,100,100
Katro,0,0,0,0,0,0,100,0,0,0,100,100
Katro,1,0,0,0,0,0,0,0,0,0,0,100
Katro,2,0,0,0,0,0,100,0,0,0,0,100
Katro,3,0,0,0,0,0,0,0,0,0,100,0
Katro,4,0,0,0,0,0,0,0,0,0,0,100
Katro,5,0,0,0,0,0,0,0,0,0,0,0
Katro,6,0,100,0,0,0,0,0,0,0,0,100
Katro,7,0,0,0,0,0,100,0,0,0,100,0
Katro,8,0,100,0,100,0,0,0,0,0,0,100
Katro,9,0,0,0,100,0,0,0,0,0,0,100
Katro,10,0,0,0,0,0,0,0,0,0,100,0
Katro,11,0,0,0,0,0,0,0,0,0,100,100
Katro,12,0,0,0,0,0,100,0,0,0,0,0
Katro,13,0,0,0,0,0,0,0,0,0,0,100
Katro,14,0,0,100,0,0,0,0,0,0,0,100
Katro,15,0,0,0,0,0,0,0,0,0,0,0
Katro,16,0,0,0,100,0,100,0,0,0,0,0
Katro,17,0,0,0,0,0,0,0,0,0,0,0
Katro,18,0,100,0,0,0,0,0,0,0,0,0
Katro,19,0,0,0,0,0,100,0,0,0,0,0
Katro,20,0,0,0,0,0,0,0,0,0,0,0
Katro,21,0,0,0,0,0,100,0,0,0,0,0
Katro,22,0,0,0,0,0,100,0,0,0,0,0
Katro,23,0,100,0,0,0,100,0,0,0,100,0
Katro,24,0,0,0,0,0,0,0,100,0,0,100
Katro,25,0,0,0,0,0,0,0,0,0,0,0
Katro,26,0,0,0,0,0,0,0,0,0,0,0
Katro,27,0,0,0,0,0,0,0,0,0,0,0
Katro,28,0,0,0,0,0,0,0,0,0,0,0
Katro,29,0,0,0,0,0,100,0,0,0,0,0
Katro,30,0,0,0,100,0,100,0,0,0,0,0
Katro,31,0,0,0,0,0,0,0,0,0,0,0
Katro,32,0,100,0,0,0,0,0,0,0,0,100
Katro,33,0,0,0,0,0,0,0,0,0,0,0
Katro,34,0,0,0,0,0,100,0,0,0,0,0
Katro,35,0,0,0,100,0,0,0,0,0,100,0
Katro,36,0,0,0,100,0,0,0,0,0,0,0
Katro,37,0,0,0,0,0,0,0,0,0,0,0
Katro,38,0,0,0,100,0,0,0,0,0,0,0
Katro,39,0,100,0,0,0,0,0,0,0,0,0
Katro,40,0,0,0,100,0,100,0,0,0,100,0
Katro,41,0,0,0,0,0,0,0,0,0,0,0
Katro,42,0,0,100,100,0,0,0,0,0,0,0
Katro,43,0,0,0,100,0,0,0,0,0,100,0
Katro,44,0,0,0,0,0,100,0,0,0,0,0
Katro,45,0,100,0,0,0,0,0,0,0,0,100
Katro,46,0,0,0,0,0,100,0,0,0,0,0
Katro,47,0,0,0,0,0,0,0,0,0,0,0
Katro,48,0,0,0,0,0,0,0,0,0,0,100
Katro,49,0,0,0,100,0,100,0,0,0,0,0
"La Liebre Perseguida",0,100,100,100,100,100,100,100,100,100,100,100
"La Liebre Perseguida",1,100,100,100,100,100,100,100,100,100,100,100
"La Liebre Perseguida",2,100,100,100,100,100,100,100,100,100,100,100
"La Liebre Perseguida",3,100,100,100,100,100,100,100,100,100,100,100
"La Liebre Perseguida",4,100,100,100,100,100,100,100,100,100,100,100
"La Liebre Perseguida",5,100,100,100,100,100,100,100,100,100,100,100
"La Liebre Perseguida",6,100,100,100,100,100,100,100,100,100,100,100
"La Liebre Perseguida",7,100,100,100,100,100,100,100,100,100,100,100
"La Liebre Perseguida",8,100,100,100,100,100,100,100,100,100,100,100
"La Liebre Perseguida",9,100,100,100,100,0,100,100,100,100,100,100
"La Liebre Perseguida",10,100,100,100,100,100,100,100,100,100,100,100
"La Liebre Perseguida",11,100,100,100,100,0,100,100,100,100,100,100
"La Liebre Perseguida",12,100,100,100,100,0,100,100,100,100,100,100
"La Liebre Perseguida",13,100,100,100,100,100,100,100,100,100,100,100
"La Liebre Perseguida",14,100,100,100,100,100,100,100,100,100,100,100
"La Liebre Perseguida",15,100,100,100,100,100,100,100,100,100,100,100
"La Liebre Perseguida",16,100,100,100,100,100,100,100,100,100,100,100
"La Liebre Perseguida",17,100,100,100,100,100,100,100,100,100,100,100
"La Liebre Perseguida",18,100,100,100,100,0,100,100,100,100,100,100
"La Liebre Perseguida",19,100,100,100,100,0,100,100,100,100,100,100
"La Liebre Perseguida",20,100,100,100,100,100,100,100,100,100,100,100
"La Liebre Perseguida",21,100,100,100,100,0,100,100,100,100,100,100
"La Liebre Perseguida",22,100,100,100,100,100,100,100,100,100,100,100
"La Liebre Perseguida",23,100,100,100,100,100,100,100,100,100,100,100
"La Liebre Perseguida",24,100,100,100,100,0,100,100,100,100,100,100
"La Liebre Perseguida",25,100,100,100,100,0,100,100,100,100,100,100
"La Liebre Perseguida",26,100,100,100,100,100,100,100,100,100,100,100
"La Liebre Perseguida",27,100,100,100,100,0,100,100,100,100,100,100
"La Liebre Perseguida",28,100,100,100,100,0,100,100,100,100,100,100
"La Liebre Perseguida",29,100,100,100,100,0,100,100,100,100,100,100
"La Liebre Perseguida",30,100,100,100,100,100,100,100,100,100,100,100
"La Liebre Perseguida",31,100,100,100,100,100,100,100,100,100,100,100
"La Liebre Perseguida",32,100,100,100,100,100,100,100,100,100,100,100
"La Liebre Perseguida",33,100,100,100,100,100,100,100,100,100,100,100
"La Liebre Perseguida",34,100,100,100,100,100,100,100,100,100,100,100
"La Liebre Perseguida",35,100,100,100,100,0,100,100,100,100,100,100
"La Liebre Perseguida",36,100,100,100,100,100,100,100,100,100,100,100
"La Liebre Perseguida",37,100,100,100,100,0,100,100,100,100,100,100
"La Liebre Perseguida",38,100,100,100,100,100,100,100,100,100,100,100
"La Liebre Perseguida",39,100,100,100,100,100,100,100,100,100,100,100
"La Liebre Perseguida",40,100,100,100,100,0,100,100,100,100,100,100
"La Liebre Perseguida",41,100,100,100,100,0,100,100,100,100,100,100
"La Liebre Perseguida",42,100,100,100,100,100,100,100,100,100,100,100
"La Liebre Perseguida",43,100,100,100,100,100,100,100,100,100,100,100
"La Liebre Perseguida",44,100,100,100,100,100,100,100,100,100,100,100
"La Liebre Perseguida",45,100,100,100,100,0,100,100,100,100,100,100
"La Liebre Perseguida",46,100,100,100,100,0,100,100,100,100,100,100
"La Liebre Perseguida",47,100,100,100,100,100,100,100,100,100,100,100
"La Liebre Perseguida",48,100,100,100,100,0,100,100,100,100,100,100
"La Liebre Perseguida",49,100,100,100,100,0,100,100,100,100,100,100
"Lines of Action",0,100,100,100,0,0,100,100,100,100,100,100
"Lines of Action",1,100,100,100,100,0,100,100,100,100,100,100
"Lines of Action",2,100,100,0,100,0,0,100,100,100,100,100
"Lines of Action",3,100,100,100,100,0,0,100,100,100,100,100
"Lines of Action",4,100,100,0,100,0,100,100,100,100,100,100
"Lines of Action",5,100,0,100,100,0,100,100,100,100,100,100
"Lines of Action",6,100,100,0,100,0,0,100,100,100,100,100
"Lines of Action",7,100,0,100,0,0,100,100,100,100,100,100
"Lines of Action",8,100,100,100,100,0,0,100,100,100,100,100
"Lines of Action",9,100,100,100,100,0,0,100,100,100,100,100
"Lines of Action",10,100,100,0,100,0,0,100,100,100,100,100
"Lines of Action",11,100,100,0,100,0,100,100,100,100,100,100
"Lines of Action",12,100,0,0,100,0,100,100,100,100,100,100
"Lines of Action",13,100,100,100,0,0,0,100,100,100,100,100
"Lines of Action",14,100,100,0,100,0,0,100,100,100,100,100
"Lines of Action",15,100,0,100,100,0,0,100,100,100,100,100
"Lines of Action",16,100,0,0,100,0,0,100,100,100,100,100
"Lines of Action",17,100,100,0,100,0,0,100,100,100,100,100
"Lines of Action",18,100,100,100,0,0,0,100,100,100,100,100
"Lines of Action",19,100,100,0,0,0,0,100,100,100,100,100
"Lines of Action",20,100,100,100,100,0,100,100,100,100,100,100
"Lines of Action",21,100,0,100,100,0,100,100,100,100,100,100
"Lines of Action",22,100,0,100,100,0,100,100,100,100,100,100
"Lines of Action",23,100,100,100,100,0,0,100,100,100,100,100
"Lines of Action",24,100,100,0,0,100,100,100,100,100,100,100
"Lines of Action",25,100,100,100,100,0,0,100,100,100,100,100
"Lines of Action",26,100,100,100,0,0,0,100,100,100,100,100
"Lines of Action",27,100,100,100,100,0,0,100,100,100,100,100
"Lines of Action",28,100,0,0,0,0,100,100,100,100,100,100
"Lines of Action",29,100,0,0,100,0,0,100,100,100,100,100
"Lines of Action",30,100,100,100,100,0,100,100,100,100,100,100
"Lines of Action",31,100,100,0,100,0,0,100,100,100,100,100
"Lines of Action",32,100,100,100,100,0,0,100,100,100,100,100
"Lines of Action",33,100,0,0,100,0,100,100,100,100,100,100
"Lines of Action",34,100,100,100,100,0,100,100,100,100,100,100
"Lines of Action",35,100,100,100,100,0,0,100,100,100,100,100
"Lines of Action",36,100,100,100,100,0,0,100,100,100,100,100
"Lines of Action",37,100,100,0,100,0,100,100,100,100,100,100
"Lines of Action",38,100,100,0,100,0,100,100,100,100,100,100
"Lines of Action",39,100,0,100,100,0,100,100,100,100,100,100
"Lines of Action",40,100,0,100,0,0,0,100,100,100,100,100
"Lines of Action",41,100,0,0,100,0,0,100,100,100,100,100
"Lines of Action",42,100,100,100,0,0,100,100,100,100,100,100
"Lines of Action",43,100,100,0,100,0,100,100,100,100,100,100
"Lines of Action",44,100,100,100,100,0,0,100,100,100,100,100
"Lines of Action",45,100,100,0,0,0,100,100,100,100,100,100
"Lines of Action",46,100,100,100,100,0,0,100,100,100,100,100
"Lines of Action",47,100,100,0,100,0,0,100,100,100,100,100
"Lines of Action",48,100,0,100,100,0,100,100,100,100,100,100
"Lines of Action",49,100,100,100,100,0,0,100,100,100,100,100
"Ludus Anglicorum",0,0,100,100,100,0,100,100,100,100,100,100
"Ludus Anglicorum",1,0,100,100,100,0,100,100,100,100,100,100
"Ludus Anglicorum",2,0,100,100,100,0,100,100,0,0,100,100
"Ludus Anglicorum",3,0,100,100,100,0,100,100,100,100,100,100
"Ludus Anglicorum",4,0,100,100,100,0,100,100,100,0,100,0
"Ludus Anglicorum",5,0,100,100,100,0,100,100,0,100,100,100
"Ludus Anglicorum",6,0,0,100,100,0,100,0,100,100,100,100
"Ludus Anglicorum",7,0,100,100,100,0,100,100,0,100,100,100
"Ludus Anglicorum",8,0,100,100,100,0,100,100,0,100,100,100
"Ludus Anglicorum",9,0,100,100,100,0,100,100,100,0,100,100
"Ludus Anglicorum",10,0,100,0,0,0,100,100,100,100,100,100
"Ludus Anglicorum",11,0,100,0,100,0,100,100,100,100,100,100
"Ludus Anglicorum",12,0,100,100,100,0,100,100,100,100,100,100
"Ludus Anglicorum",13,0,100,100,100,0,100,100,0,100,100,100
"Ludus Anglicorum",14,0,100,100,100,0,100,100,100,100,100,100
"Ludus Anglicorum",15,0,100,100,100,0,100,100,100,100,100,100
"Ludus Anglicorum",16,0,0,100,100,0,100,100,100,100,100,100
"Ludus Anglicorum",17,0,100,100,100,0,100,100,0,100,100,100
"Ludus Anglicorum",18,0,100,100,100,0,100,100,0,0,100,100
"Ludus Anglicorum",19,0,100,100,100,0,100,100,100,100,100,100
"Ludus Anglicorum",20,0,100,100,100,0,100,100,100,0,100,100
"Ludus Anglicorum",21,0,100,100,100,0,100,100,0,100,100,100
"Ludus Anglicorum",22,0,100,100,100,0,100,100,0,100,100,100
"Ludus Anglicorum",23,0,100,100,100,0,100,100,0,100,100,100
"Ludus Anglicorum",24,0,100,100,100,0,100,100,100,100,100,100
"Ludus Anglicorum",25,0,100,100,100,0,100,100,100,100,100,100
"Ludus Anglicorum",26,0,100,100,100,0,100,100,100,0,100,100
"Ludus Anglicorum",27,0,100,100,100,0,0,100,100,0,100,100
"Ludus Anglicorum",28,0,100,100,100,0,100,100,100,100,100,100
"Ludus Anglicorum",29,0,100,100,100,0,100,100,100,0,100,100
"Ludus Anglicorum",30,0,100,100,100,0,100,100,100,100,100,100
"Ludus Anglicorum",31,0,100,100,100,0,100,100,100,100,100,100
"Ludus Anglicorum",32,0,100,100,100,0,100,100,100,100,100,100
"Ludus Anglicorum",33,0,100,100,100,0,0,100,0,100,100,100
"Ludus Anglicorum",34,0,100,100,100,0,100,100,100,100,0,100
"Ludus Anglicorum",35,0,100,100,100,0,100,100,100,100,100,100
"Ludus Anglicorum",36,0,100,100,100,0,100,100,100,100,100,100
"Ludus Anglicorum",37,0,100,100,100,0,100,100,100,0,100,100
"Ludus Anglicorum",38,0,100,100,100,0,100,100,0,100,100,100
"Ludus Anglicorum",39,0,100,100,100,0,100,100,100,100,0,100
"Ludus Anglicorum",40,0,100,100,100,0,100,100,100,100,100,100
"Ludus Anglicorum",41,0,100,100,100,0,0,100,100,100,100,100
"Ludus Anglicorum",42,0,100,100,100,0,0,100,100,100,100,100
"Ludus Anglicorum",43,0,100,100,100,0,100,100,100,100,100,100
"Ludus Anglicorum",44,0,100,100,0,0,100,100,100,100,100,100
"Ludus Anglicorum",45,0,100,100,100,0,0,100,100,100,100,0
"Ludus Anglicorum",46,0,100,100,100,0,100,100,0,0,100,100
"Ludus Anglicorum",47,0,100,100,100,0,100,100,100,100,0,100
"Ludus Anglicorum",48,0,100,100,100,0,100,100,100,100,100,100
"Ludus Anglicorum",49,0,100,100,100,100,100,100,100,100,0,100
Mehen,0,100,100,0,50,50,0,50,0,0,100,0
Mehen,1,100,0,50,0,50,100,100,100,0,0,100
Mehen,2,100,100,100,100,50,0,0,50,0,100,50
Mehen,3,100,50,0,100,0,0,100,0,0,100,100
Mehen,4,100,100,0,100,0,0,0,100,100,0,100
Mehen,5,0,50,0,0,0,100,0,100,100,50,0
Mehen,6,0,100,50,100,0,100,100,100,0,100,100
Mehen,7,0,100,50,0,0,100,0,100,100,100,100
Mehen,8,100,100,0,100,0,100,50,100,0,100,100
Mehen,9,100,100,100,0,0,100,100,50,100,100,0
Mehen,10,100,100,0,100,50,0,0,50,50,50,100
Mehen,11,0,100,100,0,0,0,0,50,50,100,0
Mehen,12,100,0,0,100,100,0,0,100,0,100,0
Mehen,13,100,0,0,50,0,100,0,100,50,100,100
Mehen,14,0,100,50,0,0,100,50,100,100,100,0
Mehen,15,100,100,0,50,0,0,0,100,0,0,100
Mehen,16,0,0,0,100,0,100,0,50,0,50,100
Mehen,17,0,100,0,100,0,100,100,100,100,100,50
Mehen,18,100,100,0,0,0,0,100,0,100,100,100
Mehen,19,0,0,100,0,0,100,0,0,0,100,50
Mehen,20,100,0,0,0,0,100,50,0,100,100,100
Mehen,21,100,100,0,100,0,0,100,100,50,100,100
Mehen,22,100,100,0,100,0,0,0,100,50,100,0
Mehen,23,100,0,0,100,50,0,100,50,100,0,100
Mehen,24,100,100,0,0,0,100,0,100,100,0,100
Mehen,25,100,50,0,0,0,0,100,50,50,50,100
Mehen,26,0,100,0,100,0,0,0,100,0,50,100
Mehen,27,100,100,0,100,0,0,0,0,100,0,50
Mehen,28,100,100,100,100,0,0,0,100,0,100,100
Mehen,29,0,0,50,100,0,50,100,100,0,100,100
Mehen,30,0,50,100,0,0,0,0,100,0,100,50
Mehen,31,0,50,100,100,50,50,50,100,0,100,0
Mehen,32,0,100,0,100,0,100,0,100,0,100,0
Mehen,33,100,0,50,100,0,0,0,50,0,100,100
Mehen,34,100,0,50,100,0,0,0,50,100,100,0
Mehen,35,100,50,0,0,0,100,0,50,100,0,100
Mehen,36,100,100,0,100,0,0,0,50,100,100,100
Mehen,37,0,100,100,100,0,50,0,100,100,100,100
Mehen,38,0,0,50,50,50,0,100,100,100,100,100
Mehen,39,100,0,100,0,0,0,0,100,50,100,100
Mehen,40,100,50,0,100,50,0,100,100,100,100,0
Mehen,41,100,100,0,100,100,100,0,100,100,50,0
Mehen,42,0,100,0,100,0,0,100,100,0,0,100
Mehen,43,100,100,100,0,50,0,0,100,0,100,100
Mehen,44,100,0,0,50,50,0,100,100,50,100,0
Mehen,45,0,100,0,50,0,0,0,50,0,50,100
Mehen,46,100,0,100,0,50,50,100,0,0,100,100
Mehen,47,100,0,0,0,0,0,0,0,0,50,100
Mehen,48,100,100,100,100,50,50,100,100,50,50,100
Mehen,49,100,50,0,0,0,100,0,100,50,100,100
"Mini Wars",0,0,100,100,0,100,100,0,0,0,0,0
"Mini Wars",1,0,0,0,0,0,0,0,0,0,0,0
"Mini Wars",2,0,0,100,0,0,100,0,0,0,0,0
"Mini Wars",3,0,0,0,0,0,100,0,0,0,0,0
"Mini Wars",4,0,100,0,0,0,0,0,0,0,0,0
"Mini Wars",5,0,100,100,0,0,0,0,0,0,0,0
"Mini Wars",6,0,0,100,0,100,100,0,0,0,0,0
"Mini Wars",7,0,0,0,0,0,0,0,0,0,0,0
"Mini Wars",8,0,0,100,0,0,0,0,0,0,0,0
"Mini Wars",9,0,0,100,0,0,100,0,0,0,0,0
"Mini Wars",10,0,0,100,0,0,100,0,0,0,0,0
"Mini Wars",11,0,100,100,0,0,100,0,0,0,0,0
"Mini Wars",12,0,0,0,0,0,0,0,0,0,0,0
"Mini Wars",13,0,100,0,0,0,0,0,0,0,0,0
"Mini Wars",14,0,100,0,0,100,0,0,0,0,0,0
"Mini Wars",15,0,100,100,0,0,0,0,0,0,0,0
"Mini Wars",16,0,0,100,0,0,0,0,0,0,0,0
"Mini Wars",17,0,0,0,0,0,0,0,0,0,0,0
"Mini Wars",18,0,0,0,0,0,0,0,0,0,0,0
"Mini Wars",19,0,100,0,0,0,0,0,0,0,0,0
"Mini Wars",20,0,100,100,0,100,0,0,0,0,0,0
"Mini Wars",21,0,0,0,0,100,0,0,0,0,0,0
"Mini Wars",22,0,100,0,0,0,0,0,0,0,0,0
"Mini Wars",23,0,100,0,0,0,100,0,0,0,0,0
"Mini Wars",24,0,0,0,0,0,0,0,0,0,0,0
"Mini Wars",25,0,100,0,0,0,100,0,0,0,0,0
"Mini Wars",26,0,0,0,0,100,0,0,0,0,0,0
"Mini Wars",27,0,100,100,0,0,0,0,0,0,0,0
"Mini Wars",28,0,100,100,0,0,0,0,0,0,0,0
"Mini Wars",29,0,100,0,0,100,0,0,0,0,0,0
"Mini Wars",30,0,0,0,0,100,0,0,0,0,0,0
"Mini Wars",31,0,100,0,0,0,100,0,0,0,0,0
"Mini Wars",32,0,0,0,0,0,0,0,0,0,0,0
"Mini Wars",33,0,100,0,0,0,0,0,0,0,0,0
"Mini Wars",34,0,100,100,100,0,100,0,0,0,0,0
"Mini Wars",35,0,100,0,0,0,100,0,0,0,0,0
"Mini Wars",36,0,0,100,100,100,100,0,0,0,0,0
"Mini Wars",37,0,100,0,100,0,100,0,0,0,0,0
"Mini Wars",38,0,0,100,0,0,0,0,0,0,0,0
"Mini Wars",39,0,0,0,0,100,0,0,0,0,0,0
"Mini Wars",40,0,0,0,0,100,100,0,0,0,0,0
"Mini Wars",41,0,0,100,0,0,0,0,0,0,0,0
"Mini Wars",42,0,0,0,0,100,100,0,0,0,0,0
"Mini Wars",43,0,0,100,0,100,100,0,0,0,0,0
"Mini Wars",44,0,100,100,0,100,100,0,0,0,0,0
"Mini Wars",45,0,0,0,0,0,0,0,0,0,0,0
"Mini Wars",46,0,0,100,0,0,100,0,0,0,0,0
"Mini Wars",47,0,0,100,0,0,100,0,0,0,0,0
"Mini Wars",48,0,0,0,0,0,0,0,0,0,0,0
"Mini Wars",49,0,100,100,0,100,100,0,0,0,0,0
Mylna,0,100,0,100,100,0,100,100,100,100,0,100
Mylna,1,100,0,100,100,0,0,100,100,100,100,100
Mylna,2,0,0,0,0,0,100,100,100,0,100,100
Mylna,3,100,0,100,100,0,0,100,100,100,100,0
Mylna,4,100,0,0,0,0,0,100,100,100,100,100
Mylna,5,100,0,100,100,0,0,100,100,100,100,100
Mylna,6,100,0,100,100,0,100,100,100,100,0,100
Mylna,7,100,100,100,0,0,100,100,100,100,100,0
Mylna,8,100,100,100,0,0,100,100,100,100,100,100
Mylna,9,100,0,100,100,0,0,100,100,100,100,100
Mylna,10,100,0,100,100,0,100,100,100,100,100,100
Mylna,11,100,0,0,100,0,0,100,0,100,100,100
Mylna,12,100,100,0,0,0,0,100,100,100,100,100
Mylna,13,100,0,100,0,0,100,100,100,100,100,100
Mylna,14,100,100,0,0,0,0,100,0,100,0,100
Mylna,15,100,0,100,100,0,100,100,0,100,100,100
Mylna,16,100,100,100,100,0,100,100,100,0,100,100
Mylna,17,100,0,100,100,0,0,100,100,100,100,100
Mylna,18,100,0,0,100,0,0,100,100,100,100,100
Mylna,19,100,100,100,100,0,100,100,100,100,100,100
Mylna,20,100,100,0,0,0,100,100,0,0,100,100
Mylna,21,100,100,0,0,0,100,100,100,100,100,100
Mylna,22,100,0,100,100,0,0,100,100,0,100,100
Mylna,23,100,100,100,100,0,0,100,100,100,100,100
Mylna,24,100,0,100,100,0,100,100,100,100,100,100
Mylna,25,100,0,100,0,0,0,100,0,100,100,100
Mylna,26,100,0,0,100,0,0,100,100,100,100,100
Mylna,27,100,0,100,100,0,100,100,0,0,100,100
Mylna,28,100,100,100,0,0,0,100,100,100,100,100
Mylna,29,100,100,100,0,0,100,100,100,100,100,100
Mylna,30,100,0,0,100,0,0,100,100,100,100,100
Mylna,31,100,100,100,0,0,100,100,100,100,100,100
Mylna,32,100,0,100,0,0,100,100,100,100,100,100
Mylna,33,100,0,0,100,0,100,100,100,100,100,100
Mylna,34,100,0,100,100,0,0,100,100,100,100,100
Mylna,35,100,0,100,0,0,100,100,100,100,100,100
Mylna,36,100,0,100,100,0,0,100,0,100,100,0
Mylna,37,100,0,100,100,0,100,100,100,100,100,100
Mylna,38,100,0,0,0,0,100,100,100,100,100,100
Mylna,39,100,0,0,100,0,100,100,100,100,100,100
Mylna,40,100,0,100,0,0,0,100,100,0,100,100
Mylna,41,100,100,100,100,0,100,100,100,100,100,100
Mylna,42,100,100,0,100,0,100,100,0,100,0,100
Mylna,43,100,100,0,100,0,0,100,100,100,100,100
Mylna,44,100,100,100,100,0,100,100,0,100,100,100
Mylna,45,100,100,0,100,0,0,100,100,100,100,100
Mylna,46,100,0,0,0,0,100,100,100,100,100,100
Mylna,47,100,0,100,0,0,100,100,0,100,100,100
Mylna,48,100,0,0,100,0,100,100,100,0,100,100
Mylna,49,100,0,100,100,0,0,100,0,0,100,100
Omega,0,0,0,0,0,0,100,0,0,0,0,100
Omega,1,0,100,0,0,0,100,0,0,0,0,100
Omega,2,0,100,0,0,0,0,0,0,0,0,100
Omega,3,0,0,0,100,0,100,0,0,0,0,100
Omega,4,0,100,100,100,0,100,100,0,0,0,0
Omega,5,0,0,0,100,0,100,100,0,0,0,100
Omega,6,0,0,0,100,0,0,0,0,0,0,100
Omega,7,0,100,0,100,0,100,100,0,0,0,0
Omega,8,0,0,0,0,0,0,0,0,0,0,100
Omega,9,0,0,0,0,0,100,0,0,0,0,100
Omega,10,0,0,0,0,0,0,0,0,0,0,100
Omega,11,0,0,0,100,0,0,0,0,0,0,100
Omega,12,0,0,0,100,0,0,0,0,0,0,100
Omega,13,0,0,0,0,0,0,0,0,0,0,100
Omega,14,0,100,100,0,0,100,0,0,0,0,100
Omega,15,0,0,0,100,0,100,0,0,0,0,100
Omega,16,0,0,0,100,0,100,0,0,0,0,0
Omega,17,0,0,100,100,0,0,100,0,0,0,100
Omega,18,0,0,0,0,0,100,0,0,100,0,100
Omega,19,0,0,0,100,0,0,0,0,0,0,100
Omega,20,0,100,0,0,0,0,0,0,0,0,0
Omega,21,0,0,0,100,0,0,0,0,0,0,100
Omega,22,0,0,0,0,0,100,0,0,0,0,100
Omega,23,0,100,0,100,0,100,0,0,0,0,100
Omega,24,0,100,0,0,0,0,0,0,0,0,100
Omega,25,0,0,0,100,0,100,0,0,0,0,100
Omega,26,0,0,0,100,0,0,0,0,0,0,100
Omega,27,0,0,0,0,0,0,0,0,0,0,100
Omega,28,0,0,0,0,0,0,0,0,0,0,100
Omega,29,0,100,100,50,0,100,0,0,0,0,100
Omega,30,0,0,0,100,0,100,100,0,0,0,0
Omega,31,0,0,0,100,0,0,0,0,0,0,100
Omega,32,0,0,0,100,0,0,100,0,0,0,0
Omega,33,0,0,100,100,0,100,0,100,0,0,100
Omega,34,0,100,100,0,0,0,0,0,0,0,100
Omega,35,0,100,0,100,0,100,0,0,0,0,100
Omega,36,0,0,0,0,0,0,0,0,0,0,100
Omega,37,0,100,100,100,0,0,0,0,0,0,100
Omega,38,0,100,100,0,0,100,0,0,0,0,0
Omega,39,0,0,0,0,0,100,0,0,0,0,0
Omega,40,0,0,0,100,0,0,0,0,0,0,100
Omega,41,0,0,0,0,0,0,0,0,100,0,0
Omega,42,0,100,100,100,0,0,100,0,0,0,100
Omega,43,0,0,0,0,0,100,0,0,0,0,100
Omega,44,0,100,100,0,0,0,0,0,0,0,100
Omega,45,0,0,0,100,0,0,0,0,0,0,100
Omega,46,0,0,100,0,0,0,0,0,0,0,100
Omega,47,0,100,0,100,0,100,100,0,0,0,100
Omega,48,0,0,100,100,0,100,0,0,0,100,100
Omega,49,0,100,0,0,0,0,0,0,0,0,100
Patok,0,100,100,100,100,100,0,100,100,0,100,100
Patok,1,0,0,100,100,0,100,100,100,100,0,100
Patok,2,100,100,100,0,0,0,100,100,100,100,100
Patok,3,100,0,100,0,0,100,100,100,0,100,100
Patok,4,100,100,100,100,0,0,100,0,100,100,100
Patok,5,100,0,100,100,100,100,100,100,100,100,100
Patok,6,100,100,100,100,100,0,100,0,100,100,100
Patok,7,100,100,100,100,0,100,100,100,100,0,100
Patok,8,100,0,100,100,100,100,100,0,100,100,100
Patok,9,0,0,100,100,0,100,100,100,100,100,100
Patok,10,100,100,100,100,0,100,100,100,0,0,100
Patok,11,100,0,100,100,0,100,100,100,0,100,100
Patok,12,0,100,0,100,0,100,100,100,0,100,100
Patok,13,100,0,100,100,0,100,100,100,100,100,100
Patok,14,100,0,100,100,0,100,100,100,100,100,100
Patok,15,0,0,100,100,0,100,100,100,100,100,100
Patok,16,100,0,0,100,0,0,100,0,100,100,100
Patok,17,100,100,100,100,0,100,100,100,100,100,100
Patok,18,100,100,100,100,0,0,100,100,100,100,100
Patok,19,100,100,100,100,0,0,100,0,100,100,100
Patok,20,100,0,100,100,0,0,0,100,100,100,100
Patok,21,0,0,100,100,0,100,100,0,100,100,100
Patok,22,100,100,100,100,0,100,100,100,0,100,0
Patok,23,100,0,100,100,0,100,100,100,100,100,100
Patok,24,100,100,100,100,100,100,100,100,100,100,100
Patok,25,0,0,100,100,0,100,100,0,0,0,0
Patok,26,100,100,100,100,0,0,100,100,100,100,100
Patok,27,100,100,0,100,100,0,100,100,100,100,0
Patok,28,100,100,100,100,100,0,100,100,0,100,100
Patok,29,0,100,100,100,0,0,100,100,100,100,100
Patok,30,100,0,100,100,0,0,100,100,100,0,100
Patok,31,100,0,0,100,0,0,0,100,100,100,100
Patok,32,100,100,100,100,0,0,100,100,100,100,100
Patok,33,100,0,100,100,100,0,100,100,0,100,100
Patok,34,100,0,100,100,0,0,100,100,0,100,100
Patok,35,100,100,100,100,100,100,100,100,100,100,0
Patok,36,0,0,100,100,100,100,100,100,100,0,100
Patok,37,100,100,100,100,100,0,100,100,100,100,100
Patok,38,100,0,100,100,0,0,100,0,100,100,0
Patok,39,100,0,100,100,0,100,100,100,100,100,100
Patok,40,100,0,0,100,0,100,0,0,100,100,100
Patok,41,100,0,100,100,0,0,100,100,0,100,100
Patok,42,100,100,100,100,0,100,100,0,100,100,100
Patok,43,100,0,0,100,100,100,100,100,100,100,0
Patok,44,0,100,0,100,0,0,100,100,0,100,100
Patok,45,100,100,0,100,0,100,100,100,100,100,100
Patok,46,100,100,100,100,0,100,0,0,100,100,0
Patok,47,100,100,100,100,100,100,100,100,100,100,0
Patok,48,100,0,100,100,0,0,100,100,0,100,100
Patok,49,100,0,100,100,0,0,100,100,0,0,100
Ploy,0,100,100,100,100,0,100,100,100,100,100,100
Ploy,1,100,100,100,100,0,0,0,100,100,100,100
Ploy,2,100,100,100,100,0,0,100,100,100,100,100
Ploy,3,100,100,100,100,0,0,100,100,100,100,100
Ploy,4,100,100,0,100,0,0,100,100,100,100,100
Ploy,5,100,100,100,100,0,0,100,100,100,100,100
Ploy,6,100,100,100,100,0,100,100,100,100,100,100
Ploy,7,100,100,100,100,0,100,100,100,100,100,100
Ploy,8,100,100,100,100,0,100,100,100,100,100,100
Ploy,9,100,100,100,100,0,100,100,100,100,100,100
Ploy,10,100,100,100,100,0,0,100,100,100,100,100
Ploy,11,100,100,100,100,0,0,100,100,100,100,100
Ploy,12,100,100,100,100,0,100,100,100,100,100,100
Ploy,13,100,100,100,100,0,0,100,100,100,100,100
Ploy,14,100,100,100,100,0,0,100,100,100,100,0
Ploy,15,100,100,100,100,0,100,100,100,100,100,100
Ploy,16,100,100,100,100,0,100,100,100,100,100,100
Ploy,17,100,100,100,100,0,0,100,100,100,100,100
Ploy,18,100,100,100,100,0,100,100,100,100,100,100
Ploy,19,100,100,100,100,0,0,100,100,100,100,100
Ploy,20,100,100,100,0,0,100,100,100,100,100,100
Ploy,21,100,100,100,100,0,100,100,100,100,100,100
Ploy,22,100,100,100,100,0,0,100,100,100,100,100
Ploy,23,100,100,100,100,0,0,100,100,100,100,100
Ploy,24,100,100,100,100,0,0,100,0,0,100,100
Ploy,25,100,100,100,100,0,100,100,100,100,100,100
Ploy,26,100,100,100,100,100,0,100,100,0,100,100
Ploy,27,100,100,0,100,0,100,100,100,100,100,100
Ploy,28,100,100,100,100,0,100,100,100,0,100,100
Ploy,29,100,100,100,100,0,100,100,100,100,100,100
Ploy,30,100,100,0,100,0,100,100,100,100,100,100
Ploy,31,100,100,100,100,0,0,100,100,100,100,100
Ploy,32,100,100,100,100,0,100,100,100,100,100,100
Ploy,33,100,100,100,100,0,100,100,100,100,100,100
Ploy,34,100,100,100,100,0,100,100,100,100,100,100
Ploy,35,100,100,100,100,0,100,100,100,100,100,100
Ploy,36,100,100,100,100,0,0,100,100,100,100,100
Ploy,37,100,100,100,100,0,100,100,100,100,100,100
Ploy,38,100,100,100,100,0,100,100,100,100,100,100
Ploy,39,100,100,100,100,0,0,100,100,100,100,100
Ploy,40,100,100,100,100,0,100,100,100,100,100,100
Ploy,41,100,100,100,100,0,100,100,100,100,100,100
Ploy,42,100,100,0,100,0,0,100,100,100,100,100
Ploy,43,100,100,100,100,0,100,100,100,100,100,100
Ploy,44,100,100,100,100,0,100,100,100,100,100,100
Ploy,45,100,100,100,100,0,100,100,100,100,100,100
Ploy,46,100,100,100,100,0,0,100,100,100,100,100
Ploy,47,100,100,100,100,0,100,100,100,100,100,100
Ploy,48,100,100,0,100,0,100,100,100,100,100,100
Ploy,49,100,100,100,100,0,100,100,100,100,100,100
Pylos,0,0,0,0,100,0,50,0,100,0,100,0
Pylos,1,0,100,0,100,0,0,0,0,0,0,50
Pylos,2,0,0,0,50,0,100,100,0,0,100,0
Pylos,3,0,100,0,0,0,100,0,0,0,100,0
Pylos,4,0,0,0,0,0,100,0,0,0,0,100
Pylos,5,0,0,0,0,0,100,100,0,100,100,100
Pylos,6,0,50,0,0,0,0,100,0,0,0,0
Pylos,7,50,0,100,0,0,0,0,0,0,0,0
Pylos,8,0,0,0,0,0,100,100,0,100,0,0
Pylos,9,100,0,0,50,0,100,100,0,0,0,100
Pylos,10,0,0,50,0,0,100,0,0,0,100,100
Pylos,11,0,100,0,100,0,0,50,0,0,0,100
Pylos,12,0,100,0,0,0,0,0,0,0,0,0
Pylos,13,0,0,0,50,0,100,100,0,0,0,100
Pylos,14,50,0,100,0,0,100,0,0,0,100,100
Pylos,15,0,0,50,100,0,100,100,0,0,0,100
Pylos,16,0,0,0,0,0,100,0,0,0,0,100
Pylos,17,0,0,0,50,0,0,0,0,50,0,0
Pylos,18,0,100,0,0,0,0,100,0,0,100,100
Pylos,19,0,0,0,100,0,0,0,0,0,0,100
Pylos,20,0,0,0,100,0,0,0,100,0,0,100
Pylos,21,0,0,0,100,0,100,0,0,100,100,100
Pylos,22,0,0,0,100,0,100,0,0,0,0,0
Pylos,23,100,0,0,100,0,0,0,0,0,100,0
Pylos,24,50,0,100,100,0,0,0,0,0,0,0
Pylos,25,0,0,100,0,0,0,100,0,0,0,100
Pylos,26,0,100,0,0,0,0,0,0,100,0,0
Pylos,27,0,0,0,100,0,0,0,0,0,0,100
Pylos,28,0,100,0,0,0,100,0,0,50,0,100
Pylos,29,100,0,0,0,0,100,100,0,100,0,0
Pylos,30,0,0,0,0,0,0,100,50,100,100,100
Pylos,31,50,0,0,0,0,100,100,100,0,0,0
Pylos,32,0,0,50,0,0,100,0,100,0,100,0
Pylos,33,0,100,0,100,0,0,100,0,0,0,100
Pylos,34,0,0,0,0,0,100,50,100,0,0,0
Pylos,35,0,0,0,0,0,100,100,100,0,0,0
Pylos,36,0,0,100,0,0,100,0,0,100,100,100
Pylos,37,0,100,0,0,0,100,0,100,100,100,0
Pylos,38,100,0,0,100,0,0,0,50,0,0,100
Pylos,39,0,0,0,0,0,0,100,0,0,0,0
Pylos,40,0,0,0,100,0,0,0,0,0,100,100
Pylos,41,0,50,50,100,0,0,0,0,0,0,0
Pylos,42,0,100,0,0,0,0,0,0,50,100,100
Pylos,43,100,0,0,100,0,100,0,0,50,100,100
Pylos,44,0,0,0,0,0,100,100,0,0,0,0
Pylos,45,0,0,0,0,0,0,100,100,0,0,0
Pylos,46,0,0,0,0,0,0,0,0,0,0,100
Pylos,47,0,50,0,0,0,100,0,0,0,0,100
Pylos,48,0,0,0,0,0,100,0,0,0,0,100
Pylos,49,0,0,0,0,0,0,100,0,0,0,0
Quixo,0,0,0,0,100,0,0,100,0,0,0,0
Quixo,1,0,0,0,0,0,0,0,0,0,0,100
Quixo,2,50,0,0,100,0,100,100,0,0,100,0
Quixo,3,0,0,0,0,0,0,100,0,0,100,0
Quixo,4,0,0,0,0,0,0,0,0,100,100,0
Quixo,5,0,0,0,100,0,0,100,0,0,0,100
Quixo,6,100,0,0,100,0,0,0,0,100,0,100
Quixo,7,0,0,0,0,0,0,0,0,0,0,100
Quixo,8,0,0,0,0,0,100,0,0,0,0,0
Quixo,9,0,0,0,100,0,0,0,0,0,100,0
Quixo,10,50,0,0,100,0,0,100,0,0,100,0
Quixo,11,100,0,100,100,0,100,100,0,0,0,100
Quixo,12,0,0,0,100,0,100,100,0,0,0,0
Quixo,13,0,0,0,100,0,100,100,0,0,0,0
Quixo,14,100,0,0,100,0,100,0,0,0,0,100
Quixo,15,100,0,0,0,0,100,100,0,100,0,100
Quixo,16,0,0,0,100,0,0,100,0,0,100,100
Quixo,17,0,0,0,100,0,100,0,0,0,0,100
Quixo,18,0,0,0,100,0,100,100,0,0,100,0
Quixo,19,50,0,0,100,0,0,0,0,100,0,0
Quixo,20,0,0,0,100,0,0,100,0,0,100,100
Quixo,21,0,0,0,0,0,0,100,0,0,100,0
Quixo,22,0,0,0,0,0,0,100,0,0,100,0
Quixo,23,0,0,0,0,0,100,100,100,100,100,0
Quixo,24,0,0,0,0,0,0,100,100,0,0,0
Quixo,25,0,0,0,100,0,0,100,100,0,100,100
Quixo,26,100,0,0,0,0,0,0,0,0,0,0
Quixo,27,0,0,0,100,0,0,100,0,0,100,100
Quixo,28,0,0,0,0,0,100,100,0,100,100,100
Quixo,29,0,0,0,100,0,100,100,0,0,100,100
Quixo,30,0,0,0,0,0,0,0,0,0,100,100
Quixo,31,0,0,0,0,0,0,100,0,100,100,100
Quixo,32,0,0,0,100,0,0,100,100,0,100,100
Quixo,33,0,0,0,100,0,100,100,0,0,0,100
Quixo,34,100,0,0,100,0,0,100,0,0,100,0
Quixo,35,50,0,0,100,0,0,0,0,0,100,0
Quixo,36,0,0,0,100,0,0,100,0,0,100,100
Quixo,37,100,0,100,100,0,0,100,0,0,0,100
Quixo,38,50,0,0,100,0,100,100,0,0,0,0
Quixo,39,0,0,0,0,0,100,100,0,0,100,100
Quixo,40,0,0,0,0,0,0,100,0,0,100,100
Quixo,41,0,0,0,0,0,100,100,100,0,100,100
Quixo,42,0,0,0,0,0,100,0,0,100,100,100
Quixo,43,0,0,0,100,0,0,0,0,0,100,100
Quixo,44,50,0,0,100,0,100,100,0,0,100,0
Quixo,45,100,0,100,100,0,100,100,100,0,100,100
Quixo,46,0,0,0,100,0,0,0,0,0,100,100
Quixo,47,0,0,0,0,0,100,0,0,0,100,100
Quixo,48,50,100,0,100,0,100,0,100,0,100,100
Quixo,49,0,0,0,0,0,100,0,0,0,100,100
Starchess,0,100,0,100,100,0,100,100,50,100,100,100
Starchess,1,100,50,50,0,0,100,100,100,100,100,100
Starchess,2,100,100,100,0,50,100,100,100,100,100,100
Starchess,3,100,50,100,100,0,100,100,100,100,100,100
Starchess,4,100,100,100,100,0,100,100,100,100,100,100
Starchess,5,100,100,50,50,0,100,100,100,0,100,100
Starchess,6,100,100,100,100,0,0,100,100,100,100,100
Starchess,7,100,100,100,100,50,50,100,100,100,100,100
Starchess,8,100,0,100,0,0,0,100,100,100,100,100
Starchess,9,100,100,100,100,0,100,100,100,100,100,100
Starchess,10,100,50,50,100,0,50,100,100,100,100,100
Starchess,11,100,0,50,100,0,100,100,100,100,100,100
Starchess,12,100,100,100,100,0,50,100,50,100,100,100
Starchess,13,100,100,100,100,0,50,100,100,0,100,100
Starchess,14,100,0,0,100,0,100,100,100,100,0,100
Starchess,15,100,100,100,100,0,100,100,100,100,100,100
Starchess,16,100,100,100,100,0,0,100,100,100,100,100
Starchess,17,100,0,0,100,0,50,100,50,100,100,50
Starchess,18,100,100,0,50,0,0,100,0,100,100,100
Starchess,19,100,0,100,100,0,50,0,100,100,100,100
Starchess,20,100,100,50,100,0,100,100,100,0,100,100
Starchess,21,100,100,100,100,100,0,100,0,100,100,100
Starchess,22,100,50,100,50,0,100,100,100,50,100,100
Starchess,23,100,0,100,0,0,50,100,100,50,100,100
Starchess,24,100,0,50,100,0,100,100,100,100,100,100
Starchess,25,100,100,50,100,50,50,100,100,100,100,100
Starchess,26,100,0,100,50,0,0,100,50,100,100,100
Starchess,27,100,100,50,0,0,100,100,100,100,100,100
Starchess,28,100,0,0,50,0,100,100,100,100,100,100
Starchess,29,100,0,100,100,0,0,100,100,0,100,100
Starchess,30,100,100,100,100,0,50,100,100,100,100,100
Starchess,31,100,50,100,100,0,100,100,100,100,100,100
Starchess,32,100,100,0,100,0,100,100,100,50,100,100
Starchess,33,100,0,100,50,0,0,100,100,100,100,100
Starchess,34,100,100,50,100,0,100,100,100,100,100,100
Starchess,35,100,100,0,100,0,100,100,100,100,100,100
Starchess,36,100,50,100,100,0,0,100,0,100,100,100
Starchess,37,100,0,100,0,0,100,100,0,100,100,100
Starchess,38,100,0,50,50,0,100,100,100,100,100,100
Starchess,39,100,100,100,0,0,100,100,100,100,100,100
Starchess,40,100,50,100,100,0,100,100,100,100,100,100
Starchess,41,100,100,100,0,0,100,100,0,100,100,100
Starchess,42,100,0,0,100,0,100,100,0,100,100,100
Starchess,43,100,100,0,100,0,0,100,100,100,100,100
Starchess,44,100,0,0,100,0,100,100,100,100,100,100
Starchess,45,100,100,100,100,50,100,100,100,100,100,100
Starchess,46,100,100,50,0,0,100,100,100,100,100,100
Starchess,47,100,100,50,100,0,0,100,100,0,100,100
Starchess,48,100,100,100,100,0,0,100,100,100,100,100
Starchess,49,100,100,50,100,0,100,100,100,100,100,100
Surakarta,0,100,100,0,100,0,100,100,100,100,100,100
Surakarta,1,100,100,0,100,0,100,100,100,100,100,100
Surakarta,2,100,100,100,0,0,0,100,100,100,100,100
Surakarta,3,100,100,100,100,0,100,100,100,100,100,100
Surakarta,4,100,100,100,100,0,0,100,100,100,100,100
Surakarta,5,100,100,0,100,0,100,100,100,100,100,100
Surakarta,6,100,100,100,0,0,0,100,100,100,100,100
Surakarta,7,100,100,100,100,0,100,100,100,100,100,100
Surakarta,8,100,100,100,0,0,100,100,100,100,100,100
Surakarta,9,100,100,100,100,0,0,100,100,100,100,100
Surakarta,10,100,100,100,0,0,0,100,100,100,100,100
Surakarta,11,100,100,100,100,0,0,100,100,100,100,100
Surakarta,12,100,100,100,100,0,100,100,100,100,100,100
Surakarta,13,100,100,100,0,0,0,100,100,100,100,100
Surakarta,14,100,100,0,0,0,0,100,100,100,100,100
Surakarta,15,100,100,100,100,0,0,100,100,100,100,100
Surakarta,16,100,100,100,100,0,100,100,100,100,100,100
Surakarta,17,100,100,100,100,0,100,100,100,100,100,100
Surakarta,18,100,100,0,0,0,100,100,100,100,100,100
Surakarta,19,100,100,0,100,0,100,100,100,100,100,100
Surakarta,20,100,100,100,50,0,100,100,100,100,100,100
Surakarta,21,100,100,100,100,0,100,100,100,100,100,100
Surakarta,22,100,100,100,0,0,100,100,100,100,100,100
Surakarta,23,100,100,0,100,0,100,100,100,100,100,100
Surakarta,24,100,100,100,100,0,0,100,100,100,100,100
Surakarta,25,100,100,100,100,0,0,100,100,100,100,100
Surakarta,26,100,100,100,100,0,100,100,100,100,100,100
Surakarta,27,100,100,0,100,0,100,100,100,100,100,100
Surakarta,28,100,100,100,100,0,100,100,100,100,100,100
Surakarta,29,100,100,100,100,0,100,100,100,100,100,100
Surakarta,30,100,100,100,100,0,0,100,100,100,100,100
Surakarta,31,100,100,0,0,0,100,100,100,100,100,100
Surakarta,32,100,100,100,0,0,0,100,100,100,100,100
Surakarta,33,100,100,100,100,0,100,100,100,100,100,100
Surakarta,34,100,100,100,100,0,0,100,100,100,100,100
Surakarta,35,100,100,100,100,0,100,100,100,100,100,100
Surakarta,36,100,100,100,0,0,0,100,100,100,100,100
Surakarta,37,100,100,100,100,0,100,100,100,100,100,100
Surakarta,38,100,100,100,100,0,0,100,100,100,100,100
Surakarta,39,100,100,100,100,0,100,100,100,100,100,100
Surakarta,40,100,100,0,0,0,0,100,100,100,100,100
Surakarta,41,100,100,0,100,0,100,100,100,100,100,100
Surakarta,42,100,100,100,0,0,0,100,100,100,100,100
Surakarta,43,100,100,100,0,0,100,100,100,100,100,100
Surakarta,44,100,100,100,100,0,100,100,100,100,100,100
Surakarta,45,100,50,100,0,0,100,100,100,100,100,100
Surakarta,46,100,100,100,100,0,100,100,100,100,100,100
Surakarta,47,100,100,100,100,0,100,100,100,100,100,100
Surakarta,48,100,100,100,0,0,0,100,100,100,100,100
Surakarta,49,100,100,100,100,0,100,100,100,100,100,100
Tawlbwrdd,0,100,100,100,100,0,100,100,100,100,100,100
Tawlbwrdd,1,100,100,100,100,0,0,100,100,100,100,100
Tawlbwrdd,2,100,100,100,100,0,100,100,100,100,100,100
Tawlbwrdd,3,100,100,100,100,0,100,100,100,100,0,100
Tawlbwrdd,4,100,100,100,100,0,100,100,100,100,0,100
Tawlbwrdd,5,100,100,100,100,100,100,100,100,100,100,100
Tawlbwrdd,6,100,100,100,100,0,100,0,100,100,100,100
Tawlbwrdd,7,100,100,0,100,0,100,100,100,100,100,100
Tawlbwrdd,8,100,100,100,100,0,100,100,100,100,100,100
Tawlbwrdd,9,100,100,100,100,0,100,100,100,100,100,100
Tawlbwrdd,10,100,100,0,100,100,100,100,100,100,100,100
Tawlbwrdd,11,100,100,100,100,0,0,100,100,100,100,100
Tawlbwrdd,12,100,100,100,100,0,0,100,100,100,100,100
Tawlbwrdd,13,100,100,100,100,0,100,100,100,0,100,100
Tawlbwrdd,14,100,100,100,100,100,100,100,100,100,100,100
Tawlbwrdd,15,100,100,100,100,0,100,100,100,100,100,100
Tawlbwrdd,16,100,100,100,100,0,100,100,100,100,100,100
Tawlbwrdd,17,100,100,100,100,0,100,100,100,0,100,100
Tawlbwrdd,18,100,100,100,100,0,100,100,100,100,100,100
Tawlbwrdd,19,100,100,0,100,0,100,100,100,100,100,100
Tawlbwrdd,20,100,100,0,100,0,100,100,100,100,100,100
Tawlbwrdd,21,100,100,100,100,0,100,100,100,100,100,100
Tawlbwrdd,22,100,100,100,100,0,100,100,100,100,100,100
Tawlbwrdd,23,100,100,100,100,100,100,100,100,100,100,100
Tawlbwrdd,24,100,100,0,100,100,100,100,100,100,100,100
Tawlbwrdd,25,100,100,100,100,0,100,100,100,0,100,100
Tawlbwrdd,26,100,100,100,100,0,100,100,100,100,100,100
Tawlbwrdd,27,100,100,0,100,0,100,100,100,100,100,100
Tawlbwrdd,28,100,100,100,100,0,100,100,100,100,100,100
Tawlbwrdd,29,100,100,100,100,0,100,100,100,100,100,100
Tawlbwrdd,30,100,100,100,100,0,100,100,100,100,100,100
Tawlbwrdd,31,100,100,0,100,0,100,100,100,100,100,100
Tawlbwrdd,32,100,100,100,100,0,100,100,100,100,100,100
Tawlbwrdd,33,100,100,100,100,0,100,100,100,100,100,100
Tawlbwrdd,34,100,100,100,100,0,100,100,100,100,100,100
Tawlbwrdd,35,100,100,100,100,100,0,100,100,100,0,100
Tawlbwrdd,36,100,100,0,100,0,100,0,100,100,100,100
Tawlbwrdd,37,100,100,100,100,0,100,0,100,100,100,100
Tawlbwrdd,38,100,100,0,100,0,100,100,100,100,100,100
Tawlbwrdd,39,100,100,100,100,0,100,100,100,100,100,100
Tawlbwrdd,40,100,100,100,100,0,100,100,100,100,100,100
Tawlbwrdd,41,100,100,0,100,100,100,100,100,0,100,100
Tawlbwrdd,42,100,100,100,100,0,100,100,100,100,100,100
Tawlbwrdd,43,100,100,0,100,0,100,100,100,100,100,100
Tawlbwrdd,44,100,100,100,100,100,100,100,100,100,100,100
Tawlbwrdd,45,100,100,100,100,0,100,100,100,100,100,100
Tawlbwrdd,46,100,100,0,100,0,100,100,100,100,100,100
Tawlbwrdd,47,100,100,100,100,0,100,100,100,100,100,100
Tawlbwrdd,48,100,100,0,100,0,100,100,100,100,100,100
Tawlbwrdd,49,100,100,100,100,0,100,100,100,100,100,100
Terhuchu,0,100,100,0,100,0,0,100,100,100,100,100
Terhuchu,1,100,0,100,100,0,0,100,100,100,100,100
Terhuchu,2,100,0,100,0,0,0,100,100,100,100,100
Terhuchu,3,100,0,0,50,0,100,100,100,100,100,100
Terhuchu,4,100,100,0,100,0,100,100,100,100,100,100
Terhuchu,5,100,100,0,100,0,0,100,100,100,100,100
Terhuchu,6,100,100,50,100,0,100,100,100,100,100,100
Terhuchu,7,100,50,0,100,0,100,100,100,100,100,100
Terhuchu,8,100,100,0,100,0,0,100,100,100,100,100
Terhuchu,9,100,0,0,100,0,50,100,100,100,100,100
Terhuchu,10,100,0,100,50,0,100,100,100,100,100,100
Terhuchu,11,100,100,100,50,0,0,100,100,100,100,100
Terhuchu,12,100,0,100,100,0,0,100,100,100,100,100
Terhuchu,13,100,100,50,50,0,100,100,100,100,100,100
Terhuchu,14,100,100,100,100,0,50,100,100,100,100,100
Terhuchu,15,100,100,100,100,0,0,100,100,100,100,100
Terhuchu,16,100,100,100,50,0,100,100,100,100,100,100
Terhuchu,17,100,100,100,0,0,100,100,100,100,100,100
Terhuchu,18,100,100,0,50,0,0,100,100,100,100,100
Terhuchu,19,100,0,100,100,0,100,100,100,100,100,100
Terhuchu,20,100,100,50,50,0,100,100,100,100,100,100
Terhuchu,21,100,50,100,50,0,100,100,100,100,100,100
Terhuchu,22,100,100,100,100,0,100,100,100,100,100,100
Terhuchu,23,100,100,0,50,0,100,100,100,100,100,100
Terhuchu,24,100,50,100,50,0,100,100,100,100,100,100
Terhuchu,25,100,0,0,50,0,100,100,100,100,100,100
Terhuchu,26,100,0,100,0,0,50,100,100,100,100,100
Terhuchu,27,100,50,100,100,0,0,100,100,100,100,100
Terhuchu,28,100,100,0,100,0,0,100,100,100,100,100
Terhuchu,29,100,0,0,100,0,0,100,100,100,100,100
Terhuchu,30,100,100,100,50,0,100,100,100,100,100,100
Terhuchu,31,100,100,100,50,0,50,100,100,100,100,100
Terhuchu,32,100,100,100,50,0,100,100,100,100,100,100
Terhuchu,33,100,0,100,0,0,0,100,100,100,100,100
Terhuchu,34,100,100,0,100,0,0,100,100,100,100,100
Terhuchu,35,100,100,100,100,0,0,100,100,100,100,100
Terhuchu,36,100,100,100,50,0,50,100,100,100,100,100
Terhuchu,37,100,50,0,100,0,50,100,100,100,100,100
Terhuchu,38,100,0,100,100,0,50,100,100,100,100,100
Terhuchu,39,100,100,100,100,0,50,100,100,100,100,100
Terhuchu,40,100,0,0,100,0,0,100,100,100,100,100
Terhuchu,41,100,100,50,50,0,0,100,100,100,100,100
Terhuchu,42,100,100,100,100,0,50,100,100,100,100,100
Terhuchu,43,100,0,0,100,0,100,100,100,100,100,100
Terhuchu,44,100,100,0,50,0,100,100,100,100,100,100
Terhuchu,45,100,0,100,100,0,50,100,100,100,100,100
Terhuchu,46,100,0,100,0,0,0,100,100,100,100,100
Terhuchu,47,100,0,100,100,0,0,100,100,100,100,100
Terhuchu,48,100,0,100,100,0,100,100,100,100,100,100
Terhuchu,49,100,100,100,100,0,0,100,100,100,100,100
Toki,0,100,100,100,50,0,0,100,100,100,100,100
Toki,1,100,100,100,0,0,0,100,100,100,100,100
Toki,2,100,100,100,0,0,0,100,100,100,100,100
Toki,3,100,100,100,100,0,0,100,100,100,100,100
Toki,4,100,50,100,100,0,0,100,100,100,100,100
Toki,5,100,0,50,50,0,50,100,100,100,100,100
Toki,6,100,100,0,100,0,100,100,100,100,100,100
Toki,7,100,100,0,0,0,100,100,100,100,100,100
Toki,8,100,100,0,0,0,100,100,100,100,100,100
Toki,9,100,0,100,50,0,0,100,100,100,100,100
Toki,10,100,50,0,100,0,0,100,100,100,100,100
Toki,11,100,0,0,50,0,0,100,100,100,100,100
Toki,12,100,100,100,0,0,50,100,100,100,100,100
Toki,13,100,0,0,100,0,0,100,100,100,100,100
Toki,14,100,100,0,50,0,0,100,100,100,100,100
Toki,15,100,0,50,0,0,50,100,100,100,100,100
Toki,16,100,100,100,50,0,100,100,100,100,100,100
Toki,17,100,100,0,100,0,100,100,100,100,100,100
Toki,18,100,100,100,0,0,100,100,100,100,100,100
Toki,19,100,50,50,100,0,0,100,100,100,100,100
Toki,20,100,100,100,50,0,100,100,100,100,100,100
Toki,21,100,100,100,0,0,100,100,100,100,100,100
Toki,22,100,50,0,50,0,0,100,100,100,100,100
Toki,23,100,0,100,100,0,0,100,100,100,100,100
Toki,24,100,100,50,0,0,100,100,100,100,100,100
Toki,25,100,100,0,100,0,0,100,100,100,100,100
Toki,26,100,50,0,100,0,0,100,100,100,100,100
Toki,27,100,50,100,0,0,100,100,100,100,100,100
Toki,28,100,0,100,50,0,100,100,100,100,100,100
Toki,29,100,100,0,0,0,0,100,100,100,100,100
Toki,30,100,100,100,100,0,100,100,100,100,100,100
Toki,31,100,100,0,100,0,100,100,100,50,100,100
Toki,32,100,0,100,0,0,0,100,100,100,100,100
Toki,33,100,0,0,50,0,50,100,100,100,100,100
Toki,34,100,100,100,0,0,100,100,100,100,100,100
Toki,35,100,100,0,0,0,100,100,100,100,100,100
Toki,36,100,100,0,0,0,100,100,100,100,100,100
Toki,37,100,100,0,50,0,100,100,100,100,100,100
Toki,38,100,100,0,50,0,50,100,100,100,100,100
Toki,39,100,50,100,100,0,0,100,100,100,100,100
Toki,40,100,100,100,100,0,0,100,100,100,100,100
Toki,41,100,100,0,0,0,0,100,100,100,100,100
Toki,42,100,100,0,50,0,0,100,100,100,100,100
Toki,43,100,100,100,100,0,100,100,100,100,100,100
Toki,44,100,50,100,100,0,50,100,100,100,100,100
Toki,45,100,100,0,100,0,100,100,100,100,100,100
Toki,46,100,50,100,100,0,100,100,100,100,100,100
Toki,47,100,100,100,100,0,100,100,100,100,100,100
Toki,48,100,100,100,100,0,100,100,100,100,100,100
Toki,49,100,100,100,50,0,100,100,100,100,100,100
Trax,0,100,0,0,0,0,100,0,100,100,100,0
Trax,1,0,0,0,0,0,0,100,100,0,0,100
Trax,2,0,0,0,100,0,0,100,100,100,100,100
Trax,3,0,0,100,0,0,0,100,100,100,100,100
Trax,4,100,0,0,100,0,100,100,0,100,100,100
Trax,5,0,0,0,100,0,0,100,0,0,100,100
Trax,6,100,0,0,100,0,0,100,0,100,100,100
Trax,7,100,0,100,0,0,0,100,100,100,100,100
Trax,8,0,0,100,0,0,100,100,100,0,100,100
Trax,9,100,0,100,0,0,0,100,0,100,100,0
Trax,10,0,0,0,0,0,0,100,100,100,100,100
Trax,11,100,0,0,0,0,0,100,100,0,100,100
Trax,12,100,100,0,0,0,100,100,100,100,100,100
Trax,13,100,0,0,100,100,100,100,0,0,100,0
Trax,14,100,0,0,100,0,100,100,100,100,100,100
Trax,15,100,100,100,100,0,0,100,100,100,100,100
Trax,16,100,0,100,100,100,0,0,0,100,100,100
Trax,17,100,100,0,100,0,100,100,100,100,100,100
Trax,18,100,0,100,0,0,100,100,0,100,100,100
Trax,19,100,100,0,0,0,100,100,100,100,100,100
Trax,20,100,100,0,100,0,100,100,0,100,100,100
Trax,21,100,100,100,100,0,0,0,100,100,100,100
Trax,22,100,0,0,100,0,0,0,100,0,100,0
Trax,23,100,0,0,0,0,0,100,100,100,100,0
Trax,24,100,0,0,100,0,100,100,0,0,100,100
Trax,25,100,100,100,100,0,0,0,0,100,100,100
Trax,26,100,0,0,100,0,0,100,0,100,0,100
Trax,27,100,0,100,100,0,0,100,100,0,100,100
Trax,28,100,100,0,100,0,0,100,0,100,100,100
Trax,29,100,0,0,100,0,0,100,100,100,100,100
Trax,30,100,100,100,100,0,100,100,0,100,0,100
Trax,31,0,100,100,100,100,0,100,100,0,100,100
Trax,32,0,100,0,100,0,0,100,0,100,0,100
Trax,33,100,0,100,100,0,100,0,100,0,100,0
Trax,34,100,100,100,0,0,0,100,0,100,100,100
Trax,35,100,100,0,0,100,0,100,100,0,100,100
Trax,36,100,0,100,100,0,100,100,0,0,100,100
Trax,37,100,100,0,100,100,100,100,100,100,100,100
Trax,38,0,100,0,0,0,100,100,100,100,100,100
Trax,39,100,0,100,0,0,100,100,100,0,100,100
Trax,40,100,0,0,100,100,0,100,0,100,100,100
Trax,41,100,0,0,100,100,0,100,100,0,100,100
Trax,42,100,0,100,0,0,100,100,100,0,0,100
Trax,43,100,0,100,100,0,100,100,0,0,100,100
Trax,44,100,100,100,0,0,100,100,100,100,100,100
Trax,45,100,0,0,100,0,0,100,0,100,100,100
Trax,46,100,0,0,100,100,100,100,0,0,100,100
Trax,47,100,0,0,100,0,100,100,100,100,100,100
Trax,48,100,0,100,100,0,0,100,0,100,100,100
Trax,49,100,100,0,0,0,0,100,0,100,100,100
Triad,0,50,75,50,75,0,0,50,0,50,50,50
Triad,1,25,100,100,100,0,50,75,50,100,0,100
Triad,2,50,0,100,100,0,75,50,50,0,0,50
Triad,3,50,100,0,0,0,100,100,0,75,100,100
Triad,4,50,75,100,50,0,100,0,25,100,50,50
Triad,5,0,100,75,50,0,50,75,50,0,0,75
Triad,6,50,50,100,100,0,0,75,0,50,75,50
Triad,7,50,50,50,50,0,100,0,50,0,50,100
Triad,8,50,100,100,75,0,75,75,75,50,75,0
Triad,9,0,50,75,50,0,75,0,100,0,50,100
Triad,10,0,100,100,50,0,0,50,0,0,50,50
Triad,11,0,0,0,50,0,100,50,50,100,50,50
Triad,12,0,0,0,50,0,50,0,0,0,100,50
Triad,13,50,75,50,0,50,100,50,50,0,100,100
Triad,14,0,50,100,75,50,75,0,75,0,100,0
Triad,15,0,75,0,0,0,75,0,50,100,100,75
Triad,16,0,75,0,0,0,0,50,0,50,0,0
Triad,17,0,50,50,100,0,50,0,0,0,100,0
Triad,18,0,0,50,100,0,100,0,0,50,50,50
Triad,19,75,0,75,50,0,100,75,0,75,100,0
Triad,20,50,0,50,0,50,100,50,0,0,50,100
Triad,21,0,75,0,50,0,0,50,100,75,50,75
Triad,22,0,75,100,0,0,50,0,0,0,50,50
Triad,23,0,50,100,50,0,100,75,75,0,100,75
Triad,24,0,0,50,100,0,50,75,75,50,50,50
Triad,25,50,75,75,100,0,50,50,50,0,50,50
Triad,26,75,0,50,75,0,100,50,50,50,100,50
Triad,27,0,50,100,100,0,100,75,100,75,25,75
Triad,28,50,0,100,0,0,75,50,0,100,50,100
Triad,29,50,0,100,75,0,50,50,0,0,75,50
Triad,30,0,100,100,0,0,75,50,0,25,75,100
Triad,31,50,0,100,100,0,100,0,0,50,100,75
Triad,32,50,50,100,50,50,75,0,0,0,50,100
Triad,33,100,50,0,0,0,0,0,50,0,50,50
Triad,34,25,50,75,50,0,100,75,0,50,0,100
Triad,35,50,25,100,0,0,100,75,0,50,50,0
Triad,36,0,100,50,50,75,50,100,0,0,0,75
Triad,37,75,50,100,0,0,75,50,0,50,50,75
Triad,38,50,100,50,100,0,0,50,50,50,0,50
Triad,39,75,75,50,75,0,0,0,75,50,50,100
Triad,40,0,100,50,0,100,0,25,50,75,100,50
Triad,41,0,50,50,75,0,75,75,50,100,50,75
Triad,42,0,0,0,50,0,0,0,0,0,50,50
Triad,43,50,50,50,75,0,100,50,0,0,75,100
Triad,44,75,75,50,50,0,0,50,50,0,0,50
Triad,45,0,100,75,100,50,0,50,0,0,100,0
Triad,46,50,100,50,0,0,100,50,100,0,100,50
Triad,47,50,100,50,100,0,50,0,0,0,0,50
Triad,48,75,0,100,75,0,100,0,0,100,0,100
Triad,49,50,0,100,0,0,0,0,50,0,0,100
Vela,0,100,100,100,100,0,100,100,100,100,100,100
Vela,1,100,100,100,100,0,100,100,100,100,100,100
Vela,2,100,100,100,100,0,100,100,100,100,100,100
Vela,3,100,50,100,100,0,100,100,100,100,100,100
Vela,4,100,100,0,100,0,100,100,100,100,100,100
Vela,5,100,100,100,100,100,100,100,100,100,100,100
Vela,6,100,100,100,0,0,100,100,100,100,100,100
Vela,7,100,100,100,100,0,0,100,100,100,100,100
Vela,8,100,100,100,100,0,0,100,100,100,100,100
Vela,9,100,100,0,100,0,100,100,100,100,100,100
Vela,10,100,100,100,100,0,0,100,100,100,100,100
Vela,11,100,100,100,100,0,100,100,100,100,100,100
Vela,12,100,100,100,100,0,100,100,100,100,100,100
Vela,13,100,100,100,100,0,0,100,100,100,100,100
Vela,14,100,100,100,100,0,100,100,100,100,100,100
Vela,15,100,100,100,100,0,100,100,100,100,100,100
Vela,16,100,100,100,100,0,0,100,100,50,100,100
Vela,17,100,100,100,100,0,100,100,100,100,100,100
Vela,18,100,100,100,100,0,100,100,100,100,100,100
Vela,19,100,0,100,50,0,100,100,100,100,100,100
Vela,20,100,100,100,100,0,100,100,100,0,100,100
Vela,21,100,100,100,100,0,100,100,100,100,100,100
Vela,22,100,100,100,100,0,100,100,100,100,100,100
Vela,23,100,100,100,100,0,100,100,0,100,100,100
Vela,24,100,100,100,100,0,100,100,100,100,100,100
Vela,25,100,100,0,100,0,100,100,100,0,100,100
Vela,26,100,0,100,100,0,50,100,100,100,100,100
Vela,27,100,100,100,100,0,100,100,100,100,100,100
Vela,28,100,0,100,100,0,0,100,50,100,100,100
Vela,29,100,100,0,0,0,100,100,100,100,100,100
Vela,30,100,100,100,100,0,50,100,0,100,100,100
Vela,31,100,100,100,100,0,100,100,100,100,100,100
Vela,32,100,100,100,100,0,100,100,100,100,100,100
Vela,33,100,100,100,100,0,100,100,100,0,100,100
Vela,34,100,100,100,100,0,100,100,100,100,100,100
Vela,35,100,100,100,0,0,100,100,100,100,100,100
Vela,36,100,100,100,100,100,100,100,100,100,100,100
Vela,37,100,100,100,100,0,100,100,100,100,100,100
Vela,38,100,100,100,100,0,100,100,100,100,100,100
Vela,39,100,100,100,100,0,100,100,100,100,100,100
Vela,40,100,100,100,100,0,0,100,100,100,100,100
Vela,41,100,100,100,0,100,100,100,100,0,100,100
Vela,42,100,100,100,100,0,100,100,100,0,100,100
Vela,43,100,100,100,100,0,100,100,100,100,100,100
Vela,44,100,100,100,100,0,100,100,100,100,100,100
Vela,45,100,100,100,100,0,100,100,100,100,100,100
Vela,46,100,100,100,100,0,100,100,100,100,100,100
Vela,47,0,100,100,100,0,0,100,100,100,100,100
Vela,48,100,100,100,100,0,100,100,0,100,100,100
Vela,49,100,100,100,100,0,100,100,100,100,100,100
